latitude,longitude,elevation,utc_offset_seconds,timezone,timezone_abbreviation
6.2214413,-75.47659,1493.0,-18000,America/Bogota,GMT-5

time,temperature_2m_max (°C),temperature_2m_min (°C),precipitation_sum (mm)
2015-01-01,26.1,15.9,0.10
2015-01-02,27.5,13.9,0.00
2015-01-03,27.7,13.8,0.00
2015-01-04,27.7,13.5,0.00
2015-01-05,27.4,13.5,0.00
2015-01-06,27.7,12.5,0.00
2015-01-07,26.6,12.7,0.20
2015-01-08,26.5,14.3,0.00
2015-01-09,26.9,14.5,0.00
2015-01-10,27.0,15.0,0.00
2015-01-11,27.0,14.9,0.00
2015-01-12,26.5,15.4,0.00
2015-01-13,25.6,14.8,0.00
2015-01-14,25.8,16.2,1.10
2015-01-15,25.1,17.1,2.10
2015-01-16,25.4,16.4,4.00
2015-01-17,23.2,16.1,13.90
2015-01-18,24.3,14.5,10.00
2015-01-19,25.1,15.0,0.50
2015-01-20,23.5,15.7,0.90
2015-01-21,21.9,15.3,15.60
2015-01-22,22.2,15.1,13.40
2015-01-23,22.9,14.8,6.10
2015-01-24,23.6,14.3,5.60
2015-01-25,25.3,14.8,1.10
2015-01-26,25.3,14.3,1.00
2015-01-27,24.3,16.2,6.40
2015-01-28,24.7,14.7,0.70
2015-01-29,25.9,14.1,0.00
2015-01-30,24.1,15.8,8.00
2015-01-31,24.4,14.2,0.80
2015-02-01,26.3,15.3,0.10
2015-02-02,24.5,13.6,0.00
2015-02-03,25.7,15.0,1.50
2015-02-04,26.0,14.6,0.00
2015-02-05,25.7,15.2,1.30
2015-02-06,23.6,14.9,4.00
2015-02-07,23.9,15.6,10.70
2015-02-08,23.1,15.7,11.80
2015-02-09,21.8,16.0,10.90
2015-02-10,22.4,15.2,4.10
2015-02-11,24.2,15.6,0.90
2015-02-12,24.9,15.5,3.40
2015-02-13,25.9,15.4,0.30
2015-02-14,25.7,14.8,1.00
2015-02-15,26.0,16.3,3.30
2015-02-16,26.5,16.4,0.30
2015-02-17,26.3,15.7,4.10
2015-02-18,25.3,16.3,5.40
2015-02-19,24.2,15.9,9.40
2015-02-20,23.8,15.3,4.60
2015-02-21,26.0,13.6,1.90
2015-02-22,27.0,15.4,0.10
2015-02-23,26.7,13.8,0.20
2015-02-24,24.3,14.9,1.20
2015-02-25,25.5,15.8,0.50
2015-02-26,25.2,16.2,5.50
2015-02-27,25.9,15.7,7.20
2015-02-28,26.9,14.8,5.00
2015-03-01,26.2,14.7,3.30
2015-03-02,24.9,15.2,3.80
2015-03-03,26.7,16.3,0.60
2015-03-04,26.4,17.0,1.30
2015-03-05,25.4,16.4,3.50
2015-03-06,24.7,16.5,5.70
2015-03-07,25.6,16.1,1.00
2015-03-08,26.7,16.0,0.00
2015-03-09,27.1,16.4,0.00
2015-03-10,26.8,15.9,0.00
2015-03-11,28.0,16.3,0.40
2015-03-12,26.9,15.1,1.30
2015-03-13,25.2,15.7,8.60
2015-03-14,24.8,16.0,14.10
2015-03-15,24.5,15.9,2.80
2015-03-16,24.4,16.3,1.00
2015-03-17,23.5,15.7,2.00
2015-03-18,21.7,16.8,18.50
2015-03-19,22.2,15.9,13.40
2015-03-20,21.1,16.0,14.50
2015-03-21,22.6,15.8,11.90
2015-03-22,23.1,15.1,5.00
2015-03-23,23.3,14.0,10.10
2015-03-24,24.9,14.1,2.40
2015-03-25,25.2,15.0,8.70
2015-03-26,24.8,15.3,1.20
2015-03-27,25.3,14.3,0.20
2015-03-28,24.3,15.4,9.00
2015-03-29,22.2,15.4,11.80
2015-03-30,23.8,16.7,8.60
2015-03-31,23.6,14.8,3.00
2015-04-01,25.4,15.8,11.00
2015-04-02,25.9,15.5,6.50
2015-04-03,24.6,16.4,13.10
2015-04-04,24.6,15.3,3.50
2015-04-05,24.0,15.2,7.80
2015-04-06,25.0,15.2,3.40
2015-04-07,25.0,14.9,5.20
2015-04-08,21.0,15.4,9.50
2015-04-09,25.4,15.8,0.90
2015-04-10,25.9,15.9,2.00
2015-04-11,26.0,14.5,0.90
2015-04-12,26.4,15.3,1.50
2015-04-13,25.6,15.2,8.40
2015-04-14,22.9,15.5,11.60
2015-04-15,23.3,15.4,13.70
2015-04-16,21.9,16.5,17.50
2015-04-17,21.6,16.3,17.90
2015-04-18,25.2,15.9,9.10
2015-04-19,24.7,14.9,4.30
2015-04-20,24.8,15.4,14.10
2015-04-21,22.3,16.4,14.40
2015-04-22,25.9,14.2,0.80
2015-04-23,27.2,14.9,5.60
2015-04-24,26.1,14.8,4.80
2015-04-25,26.0,15.1,1.00
2015-04-26,27.0,15.2,1.60
2015-04-27,27.6,15.4,1.40
2015-04-28,27.1,16.4,0.10
2015-04-29,26.7,16.1,0.00
2015-04-30,26.1,15.5,3.30
2015-05-01,25.6,15.4,3.00
2015-05-02,25.4,14.5,2.00
2015-05-03,25.5,16.0,5.00
2015-05-04,23.9,16.4,2.90
2015-05-05,25.6,15.1,0.70
2015-05-06,26.6,14.3,4.90
2015-05-07,27.6,14.2,0.20
2015-05-08,26.6,15.9,2.40
2015-05-09,25.1,14.7,2.10
2015-05-10,26.1,15.8,1.60
2015-05-11,26.2,15.6,0.00
2015-05-12,28.3,16.6,0.00
2015-05-13,27.7,17.6,0.10
2015-05-14,25.8,16.8,2.30
2015-05-15,24.7,15.8,1.70
2015-05-16,26.1,16.4,4.10
2015-05-17,21.3,15.2,9.70
2015-05-18,25.1,16.4,17.30
2015-05-19,25.5,15.9,6.20
2015-05-20,25.6,15.7,2.90
2015-05-21,25.2,15.5,7.10
2015-05-22,26.1,14.9,4.60
2015-05-23,27.0,14.3,5.30
2015-05-24,26.0,14.5,0.60
2015-05-25,23.0,16.3,6.50
2015-05-26,25.4,16.3,16.10
2015-05-27,23.2,15.4,5.30
2015-05-28,21.3,15.9,31.50
2015-05-29,22.5,15.9,9.60
2015-05-30,24.3,15.1,7.80
2015-05-31,25.6,14.6,19.60
2015-06-01,26.2,15.1,2.40
2015-06-02,26.6,13.9,0.30
2015-06-03,25.5,15.5,3.80
2015-06-04,27.0,15.4,5.90
2015-06-05,27.0,15.5,9.50
2015-06-06,25.4,13.9,1.50
2015-06-07,25.2,15.3,12.70
2015-06-08,23.2,16.2,15.40
2015-06-09,21.8,16.3,8.90
2015-06-10,24.1,14.8,6.90
2015-06-11,24.7,15.4,5.20
2015-06-12,26.7,14.1,7.40
2015-06-13,27.1,15.7,5.90
2015-06-14,26.1,14.8,5.60
2015-06-15,26.8,15.3,4.50
2015-06-16,27.7,16.2,0.20
2015-06-17,26.8,15.7,0.00
2015-06-18,26.8,16.7,0.00
2015-06-19,27.5,16.5,0.10
2015-06-20,26.9,17.1,0.00
2015-06-21,26.1,16.1,2.30
2015-06-22,27.4,15.2,2.50
2015-06-23,28.0,14.6,0.30
2015-06-24,28.2,17.0,0.00
2015-06-25,28.0,16.8,0.00
2015-06-26,27.9,17.0,0.00
2015-06-27,27.6,17.4,0.00
2015-06-28,27.5,17.5,0.10
2015-06-29,25.7,17.1,1.50
2015-06-30,26.7,14.9,0.20
2015-07-01,28.6,16.0,1.20
2015-07-02,29.1,16.8,0.00
2015-07-03,29.1,15.6,0.00
2015-07-04,28.6,16.8,0.00
2015-07-05,28.0,17.4,0.50
2015-07-06,26.7,15.9,0.90
2015-07-07,21.1,15.8,6.60
2015-07-08,25.1,16.4,5.60
2015-07-09,26.0,14.6,2.00
2015-07-10,25.0,15.4,1.10
2015-07-11,23.6,15.4,1.30
2015-07-12,24.3,14.7,4.80
2015-07-13,25.9,14.7,0.60
2015-07-14,25.8,15.3,11.90
2015-07-15,23.2,15.2,7.80
2015-07-16,25.7,15.0,7.00
2015-07-17,26.7,13.8,3.50
2015-07-18,24.8,14.0,6.20
2015-07-19,25.8,12.7,17.00
2015-07-20,23.3,16.2,9.40
2015-07-21,23.9,15.9,12.80
2015-07-22,25.2,15.2,26.70
2015-07-23,26.1,14.1,2.30
2015-07-24,27.2,14.7,0.00
2015-07-25,29.6,15.0,0.80
2015-07-26,28.2,16.2,0.60
2015-07-27,26.8,15.0,1.30
2015-07-28,27.5,14.7,4.40
2015-07-29,26.5,14.9,0.00
2015-07-30,25.2,15.6,2.90
2015-07-31,26.5,14.5,12.20
2015-08-01,27.4,14.2,3.60
2015-08-02,26.5,15.1,0.00
2015-08-03,29.4,15.4,0.50
2015-08-04,29.6,16.4,0.30
2015-08-05,29.3,16.3,1.00
2015-08-06,29.6,15.9,0.00
2015-08-07,26.3,17.6,0.00
2015-08-08,25.9,16.2,3.00
2015-08-09,23.0,16.7,20.40
2015-08-10,25.0,15.6,1.00
2015-08-11,26.3,14.9,7.70
2015-08-12,27.1,15.5,0.00
2015-08-13,27.1,16.1,2.50
2015-08-14,27.1,15.2,9.30
2015-08-15,26.7,13.9,15.50
2015-08-16,27.1,13.5,7.50
2015-08-17,27.8,14.9,13.80
2015-08-18,26.6,15.2,0.60
2015-08-19,28.8,15.3,0.00
2015-08-20,28.2,16.2,6.60
2015-08-21,25.8,15.9,5.90
2015-08-22,26.5,14.5,11.20
2015-08-23,26.1,15.1,6.70
2015-08-24,25.5,16.3,11.80
2015-08-25,24.3,14.5,7.60
2015-08-26,25.8,15.4,5.80
2015-08-27,26.6,15.4,7.30
2015-08-28,27.6,15.0,9.70
2015-08-29,28.8,15.2,0.00
2015-08-30,27.8,16.2,0.50
2015-08-31,27.5,15.3,8.50
2015-09-01,28.2,13.7,4.60
2015-09-02,27.0,15.4,1.50
2015-09-03,26.4,15.6,0.50
2015-09-04,27.5,15.8,0.00
2015-09-05,27.8,15.9,5.00
2015-09-06,27.9,16.2,4.80
2015-09-07,28.3,15.5,4.40
2015-09-08,27.3,16.3,0.70
2015-09-09,27.5,16.0,2.10
2015-09-10,24.1,16.1,5.30
2015-09-11,22.3,16.6,21.60
2015-09-12,28.6,13.6,0.00
2015-09-13,28.6,14.5,0.00
2015-09-14,28.3,14.9,0.00
2015-09-15,29.3,16.1,0.00
2015-09-16,28.1,14.3,0.30
2015-09-17,26.7,15.8,3.30
2015-09-18,23.7,16.3,5.60
2015-09-19,26.3,16.8,11.60
2015-09-20,26.4,16.3,8.60
2015-09-21,27.1,14.8,10.00
2015-09-22,24.1,15.5,0.40
2015-09-23,24.4,15.1,10.60
2015-09-24,26.7,15.7,0.50
2015-09-25,27.7,17.1,0.00
2015-09-26,27.6,16.5,0.00
2015-09-27,28.2,16.9,0.00
2015-09-28,29.7,16.0,0.00
2015-09-29,27.4,16.9,1.20
2015-09-30,25.5,15.9,4.90
2015-10-01,24.1,16.6,7.10
2015-10-02,25.9,15.5,0.40
2015-10-03,27.3,17.0,4.50
2015-10-04,27.8,16.4,1.50
2015-10-05,29.2,16.0,0.00
2015-10-06,28.6,17.2,0.00
2015-10-07,28.1,16.0,0.00
2015-10-08,27.1,17.4,0.10
2015-10-09,23.7,16.0,5.80
2015-10-10,25.7,16.3,4.50
2015-10-11,21.6,16.2,12.20
2015-10-12,25.8,16.8,11.40
2015-10-13,25.5,14.9,9.20
2015-10-14,20.6,17.3,35.70
2015-10-15,22.9,15.9,17.10
2015-10-16,23.7,15.9,11.80
2015-10-17,25.3,16.3,10.20
2015-10-18,26.7,14.9,2.90
2015-10-19,26.1,14.5,1.80
2015-10-20,26.1,14.4,7.80
2015-10-21,26.2,15.5,0.30
2015-10-22,25.8,15.6,3.90
2015-10-23,25.4,16.3,6.40
2015-10-24,22.4,17.1,16.90
2015-10-25,22.8,16.2,12.00
2015-10-26,22.8,16.0,12.50
2015-10-27,23.4,16.2,12.40
2015-10-28,25.1,15.2,9.30
2015-10-29,24.2,15.2,2.50
2015-10-30,24.8,15.2,8.00
2015-10-31,22.3,16.5,16.80
2015-11-01,20.9,16.1,21.70
2015-11-02,21.4,15.8,6.50
2015-11-03,23.6,15.9,1.90
2015-11-04,23.0,16.3,13.10
2015-11-05,23.7,16.4,9.60
2015-11-06,22.9,15.3,8.00
2015-11-07,23.9,15.0,9.00
2015-11-08,24.5,15.6,8.40
2015-11-09,23.3,15.7,5.20
2015-11-10,25.2,15.8,0.30
2015-11-11,24.2,15.6,2.60
2015-11-12,25.1,14.9,3.70
2015-11-13,24.8,15.5,3.70
2015-11-14,25.6,16.0,3.30
2015-11-15,23.0,15.8,3.60
2015-11-16,21.9,16.1,14.80
2015-11-17,22.4,16.0,21.70
2015-11-18,21.4,16.0,9.60
2015-11-19,23.8,15.0,3.50
2015-11-20,24.0,14.9,2.60
2015-11-21,24.0,15.3,1.60
2015-11-22,23.9,14.8,3.30
2015-11-23,24.1,16.9,11.50
2015-11-24,24.6,14.7,7.30
2015-11-25,24.8,15.1,5.60
2015-11-26,25.8,14.9,2.40
2015-11-27,23.4,16.2,5.80
2015-11-28,23.4,15.4,5.80
2015-11-29,25.5,15.0,0.10
2015-11-30,26.0,15.9,0.60
2015-12-01,25.0,17.1,3.30
2015-12-02,26.6,14.8,0.00
2015-12-03,26.3,15.2,1.50
2015-12-04,24.9,16.5,5.40
2015-12-05,26.1,14.7,4.30
2015-12-06,25.3,14.7,1.90
2015-12-07,24.0,16.1,5.20
2015-12-08,25.0,16.2,1.30
2015-12-09,25.1,15.3,1.90
2015-12-10,25.5,15.1,2.30
2015-12-11,25.9,15.7,0.30
2015-12-12,27.1,14.4,0.00
2015-12-13,24.6,15.7,2.00
2015-12-14,24.0,16.6,4.30
2015-12-15,23.0,15.5,6.80
2015-12-16,25.7,16.3,5.20
2015-12-17,25.7,16.0,6.70
2015-12-18,25.2,16.4,1.90
2015-12-19,25.5,15.8,0.20
2015-12-20,26.2,13.7,0.00
2015-12-21,27.0,14.6,0.00
2015-12-22,27.6,14.0,0.00
2015-12-23,27.0,15.7,0.10
2015-12-24,27.5,14.7,0.00
2015-12-25,28.1,14.4,0.00
2015-12-26,27.2,14.2,0.00
2015-12-27,28.2,15.6,0.00
2015-12-28,26.2,15.8,4.60
2015-12-29,28.3,16.5,0.00
2015-12-30,29.1,15.5,0.00
2015-12-31,27.6,15.8,0.00
2016-01-01,26.2,16.9,1.00
2016-01-02,26.3,16.8,2.80
2016-01-03,26.1,15.8,3.00
2016-01-04,26.3,17.2,4.70
2016-01-05,25.2,15.0,0.80
2016-01-06,25.4,16.6,4.80
2016-01-07,26.3,16.4,2.90
2016-01-08,26.0,16.4,3.20
2016-01-09,27.3,15.8,2.20
2016-01-10,25.7,17.4,3.40
2016-01-11,21.9,18.1,19.40
2016-01-12,26.7,15.0,0.00
2016-01-13,25.2,17.6,2.80
2016-01-14,24.6,16.6,1.80
2016-01-15,28.2,14.6,0.00
2016-01-16,28.5,15.7,0.00
2016-01-17,29.0,16.4,0.00
2016-01-18,28.8,15.6,0.00
2016-01-19,28.1,14.9,0.00
2016-01-20,28.6,14.7,0.00
2016-01-21,27.1,16.8,0.70
2016-01-22,27.8,17.0,1.30
2016-01-23,28.3,17.6,0.50
2016-01-24,27.4,17.6,0.40
2016-01-25,28.0,17.3,1.10
2016-01-26,28.4,16.1,1.30
2016-01-27,29.3,17.2,0.60
2016-01-28,29.0,16.3,0.00
2016-01-29,27.1,16.9,8.90
2016-01-30,28.3,15.3,0.20
2016-01-31,28.4,15.1,0.40
2016-02-01,28.1,17.0,0.00
2016-02-02,29.7,15.8,0.10
2016-02-03,28.6,17.4,0.20
2016-02-04,28.0,17.0,1.10
2016-02-05,26.1,17.4,12.20
2016-02-06,28.8,15.8,0.00
2016-02-07,28.0,16.1,0.00
2016-02-08,27.9,17.2,1.60
2016-02-09,28.2,17.0,0.00
2016-02-10,29.1,16.1,0.10
2016-02-11,28.8,18.0,0.00
2016-02-12,28.9,17.2,1.20
2016-02-13,26.8,18.5,5.90
2016-02-14,27.4,17.2,0.00
2016-02-15,28.1,17.1,0.00
2016-02-16,30.0,17.2,0.00
2016-02-17,27.8,18.5,7.80
2016-02-18,30.2,16.2,0.30
2016-02-19,28.3,17.8,0.50
2016-02-20,28.4,17.5,6.80
2016-02-21,23.1,17.9,19.40
2016-02-22,26.4,17.7,8.70
2016-02-23,27.8,17.6,2.80
2016-02-24,27.1,16.8,2.20
2016-02-25,26.7,16.7,8.10
2016-02-26,27.1,15.8,0.70
2016-02-27,28.2,18.0,5.90
2016-02-28,26.2,19.1,5.50
2016-02-29,27.0,16.3,4.00
2016-03-01,27.3,17.1,4.00
2016-03-02,26.3,18.0,5.30
2016-03-03,26.5,16.8,1.90
2016-03-04,25.0,17.8,4.80
2016-03-05,27.3,16.9,8.50
2016-03-06,25.2,17.4,8.60
2016-03-07,25.1,15.9,7.30
2016-03-08,26.4,15.4,1.60
2016-03-09,27.2,15.2,11.60
2016-03-10,26.5,16.2,5.50
2016-03-11,26.8,15.8,2.40
2016-03-12,26.4,16.2,2.40
2016-03-13,25.9,15.6,3.90
2016-03-14,26.1,17.5,3.40
2016-03-15,27.3,17.4,2.20
2016-03-16,27.9,17.1,8.50
2016-03-17,25.7,17.5,3.00
2016-03-18,26.8,16.8,3.60
2016-03-19,27.8,16.9,1.50
2016-03-20,27.1,16.9,1.50
2016-03-21,27.9,16.0,0.40
2016-03-22,28.2,17.0,0.40
2016-03-23,29.5,16.9,0.00
2016-03-24,29.2,16.7,0.00
2016-03-25,29.5,17.1,0.00
2016-03-26,29.7,18.0,0.00
2016-03-27,26.4,18.2,2.60
2016-03-28,26.8,16.9,16.80
2016-03-29,27.3,16.2,3.00
2016-03-30,27.2,17.0,4.90
2016-03-31,25.0,16.8,2.30
2016-04-01,26.2,16.6,3.60
2016-04-02,24.1,17.2,9.70
2016-04-03,23.1,16.4,40.00
2016-04-04,25.5,15.4,6.80
2016-04-05,24.2,16.6,6.20
2016-04-06,27.1,16.7,5.10
2016-04-07,25.4,17.5,4.20
2016-04-08,27.1,17.4,1.30
2016-04-09,25.7,17.0,3.40
2016-04-10,26.3,16.8,6.70
2016-04-11,24.2,16.5,2.60
2016-04-12,20.3,17.3,14.80
2016-04-13,23.5,16.6,8.30
2016-04-14,25.3,17.4,1.20
2016-04-15,27.2,16.9,0.10
2016-04-16,25.7,17.4,6.50
2016-04-17,25.3,17.8,7.80
2016-04-18,26.9,16.8,5.10
2016-04-19,26.4,16.0,2.70
2016-04-20,26.2,16.8,4.20
2016-04-21,26.6,15.6,1.20
2016-04-22,27.0,16.4,6.00
2016-04-23,26.1,16.5,16.30
2016-04-24,23.1,16.7,11.80
2016-04-25,25.1,16.9,8.90
2016-04-26,24.8,17.1,14.90
2016-04-27,20.8,17.4,39.10
2016-04-28,23.7,16.4,19.40
2016-04-29,24.6,16.1,3.30
2016-04-30,24.7,16.5,15.70
2016-05-01,24.1,16.9,52.10
2016-05-02,19.9,16.8,33.90
2016-05-03,23.9,15.4,1.80
2016-05-04,23.0,16.0,6.20
2016-05-05,25.3,16.2,6.30
2016-05-06,25.5,16.0,9.10
2016-05-07,23.3,16.8,6.80
2016-05-08,24.5,15.9,4.20
2016-05-09,25.4,16.5,17.50
2016-05-10,19.9,16.3,56.60
2016-05-11,24.0,13.5,9.50
2016-05-12,25.5,15.9,0.30
2016-05-13,27.4,15.3,2.80
2016-05-14,24.2,15.1,0.20
2016-05-15,27.1,15.9,0.00
2016-05-16,27.6,16.5,0.10
2016-05-17,27.5,15.9,0.30
2016-05-18,25.1,17.2,0.70
2016-05-19,26.9,15.6,1.30
2016-05-20,26.5,15.2,2.80
2016-05-21,26.9,15.7,2.10
2016-05-22,26.1,16.5,5.30
2016-05-23,26.9,16.7,4.50
2016-05-24,26.6,15.1,3.20
2016-05-25,25.1,15.3,9.70
2016-05-26,23.7,16.7,21.10
2016-05-27,24.1,15.8,2.50
2016-05-28,25.0,16.3,21.50
2016-05-29,23.2,16.9,20.10
2016-05-30,24.2,15.0,12.00
2016-05-31,23.2,16.2,14.90
2016-06-01,23.7,16.9,3.00
2016-06-02,23.9,15.7,13.20
2016-06-03,22.4,16.8,10.90
2016-06-04,25.0,15.8,8.80
2016-06-05,26.6,14.4,3.00
2016-06-06,22.9,15.1,8.50
2016-06-07,23.2,14.9,1.90
2016-06-08,25.6,14.6,12.40
2016-06-09,25.4,15.7,15.90
2016-06-10,24.8,15.1,9.70
2016-06-11,25.0,14.8,6.00
2016-06-12,25.9,14.7,3.90
2016-06-13,25.9,14.5,1.70
2016-06-14,21.0,14.9,30.10
2016-06-15,24.8,14.4,1.70
2016-06-16,25.7,13.9,0.50
2016-06-17,26.8,14.5,1.00
2016-06-18,26.6,15.1,13.40
2016-06-19,25.1,15.1,9.70
2016-06-20,24.9,14.9,12.30
2016-06-21,23.7,15.1,7.50
2016-06-22,25.6,14.4,1.80
2016-06-23,26.2,14.7,7.20
2016-06-24,24.5,15.2,1.20
2016-06-25,24.3,14.0,10.10
2016-06-26,25.9,13.9,4.00
2016-06-27,27.7,15.5,0.00
2016-06-28,27.1,15.8,0.00
2016-06-29,27.6,15.2,0.20
2016-06-30,27.3,15.2,0.00
2016-07-01,25.2,15.6,12.00
2016-07-02,24.5,16.2,19.20
2016-07-03,24.3,15.0,6.00
2016-07-04,25.9,13.9,9.50
2016-07-05,26.0,14.0,7.00
2016-07-06,25.9,15.7,1.60
2016-07-07,27.6,14.0,6.10
2016-07-08,27.4,14.5,0.00
2016-07-09,28.7,15.0,0.00
2016-07-10,27.6,16.1,0.00
2016-07-11,26.9,15.3,2.10
2016-07-12,26.3,15.1,9.40
2016-07-13,25.2,14.4,22.80
2016-07-14,24.0,16.3,12.40
2016-07-15,25.0,14.6,6.80
2016-07-16,22.3,16.3,6.60
2016-07-17,24.8,13.5,13.50
2016-07-18,24.6,14.9,2.40
2016-07-19,25.5,14.4,8.60
2016-07-20,26.0,14.3,10.00
2016-07-21,26.5,14.8,7.50
2016-07-22,25.7,14.2,13.10
2016-07-23,25.1,14.2,14.10
2016-07-24,24.3,14.1,4.50
2016-07-25,24.7,14.0,10.50
2016-07-26,27.3,14.0,5.60
2016-07-27,26.4,14.2,3.40
2016-07-28,25.6,14.0,0.00
2016-07-29,25.1,13.9,2.40
2016-07-30,25.2,14.7,4.60
2016-07-31,27.0,13.3,0.60
2016-08-01,27.4,14.2,0.10
2016-08-02,25.4,15.4,4.20
2016-08-03,25.7,14.5,7.10
2016-08-04,25.2,15.4,2.20
2016-08-05,27.8,14.0,3.90
2016-08-06,28.5,13.1,2.20
2016-08-07,28.4,15.7,5.90
2016-08-08,27.9,16.3,2.80
2016-08-09,27.5,15.8,1.30
2016-08-10,25.7,15.7,0.30
2016-08-11,27.6,15.0,4.50
2016-08-12,26.5,15.1,1.90
2016-08-13,28.1,15.5,10.80
2016-08-14,27.6,15.0,1.10
2016-08-15,26.8,15.9,7.20
2016-08-16,27.6,15.2,7.70
2016-08-17,28.1,15.6,4.90
2016-08-18,27.5,15.6,17.70
2016-08-19,26.9,14.2,5.20
2016-08-20,27.6,15.6,0.00
2016-08-21,29.0,15.6,0.00
2016-08-22,28.5,16.5,0.40
2016-08-23,29.0,15.5,0.00
2016-08-24,27.2,15.7,3.20
2016-08-25,26.2,14.9,4.00
2016-08-26,25.0,14.8,9.90
2016-08-27,25.2,14.9,10.90
2016-08-28,27.4,13.8,9.30
2016-08-29,24.8,13.9,8.40
2016-08-30,25.1,14.8,3.80
2016-08-31,25.7,15.2,9.50
2016-09-01,25.7,14.3,3.20
2016-09-02,24.8,15.3,5.20
2016-09-03,26.8,13.9,11.50
2016-09-04,25.1,14.3,4.90
2016-09-05,23.2,15.3,5.70
2016-09-06,25.8,14.2,10.40
2016-09-07,23.4,15.2,6.10
2016-09-08,26.6,14.7,4.10
2016-09-09,26.6,13.5,11.90
2016-09-10,24.9,14.5,4.30
2016-09-11,24.9,15.4,14.20
2016-09-12,24.0,15.4,5.00
2016-09-13,23.9,15.0,9.30
2016-09-14,23.4,14.6,12.20
2016-09-15,24.8,14.4,10.90
2016-09-16,26.1,14.1,0.10
2016-09-17,27.9,14.1,1.80
2016-09-18,24.9,15.1,2.20
2016-09-19,26.2,15.3,7.60
2016-09-20,25.7,14.2,1.00
2016-09-21,22.8,15.3,12.70
2016-09-22,24.0,13.1,4.60
2016-09-23,26.3,13.3,0.20
2016-09-24,26.0,15.3,3.90
2016-09-25,24.8,15.4,6.20
2016-09-26,25.6,14.5,1.20
2016-09-27,25.1,14.5,0.60
2016-09-28,26.5,15.2,3.30
2016-09-29,26.0,15.1,3.40
2016-09-30,25.1,16.2,4.30
2016-10-01,21.3,15.9,18.80
2016-10-02,22.1,15.5,10.80
2016-10-03,23.8,15.2,0.00
2016-10-04,24.8,16.5,1.00
2016-10-05,25.0,16.7,2.60
2016-10-06,24.7,15.7,14.10
2016-10-07,21.1,15.8,20.90
2016-10-08,22.7,15.6,10.50
2016-10-09,24.6,14.8,9.30
2016-10-10,23.7,16.8,10.90
2016-10-11,23.1,14.8,12.10
2016-10-12,20.9,16.7,32.30
2016-10-13,24.9,16.0,9.20
2016-10-14,25.0,14.8,1.70
2016-10-15,26.4,16.1,4.60
2016-10-16,23.0,14.8,6.90
2016-10-17,24.8,14.8,8.30
2016-10-18,24.1,17.2,15.20
2016-10-19,24.5,16.7,5.10
2016-10-20,25.1,14.6,6.30
2016-10-21,25.8,15.3,0.90
2016-10-22,24.9,15.6,9.70
2016-10-23,25.4,15.9,3.10
2016-10-24,24.7,16.5,6.30
2016-10-25,22.1,15.0,10.00
2016-10-26,22.6,16.6,10.90
2016-10-27,23.8,15.9,5.00
2016-10-28,23.7,16.0,5.50
2016-10-29,21.6,16.2,10.10
2016-10-30,25.0,14.8,1.20
2016-10-31,23.0,15.6,16.80
2016-11-01,20.6,16.5,20.40
2016-11-02,22.0,16.5,7.00
2016-11-03,24.1,14.1,0.50
2016-11-04,25.1,15.7,4.20
2016-11-05,24.5,15.5,6.60
2016-11-06,23.9,16.2,16.40
2016-11-07,24.0,15.2,3.40
2016-11-08,23.1,14.7,3.80
2016-11-09,24.1,14.6,2.50
2016-11-10,24.9,16.3,6.20
2016-11-11,20.5,15.6,5.90
2016-11-12,23.7,14.7,2.70
2016-11-13,24.5,14.1,9.60
2016-11-14,24.4,15.4,11.50
2016-11-15,22.4,16.2,15.50
2016-11-16,23.2,15.7,3.10
2016-11-17,23.6,15.1,10.00
2016-11-18,23.9,14.6,7.60
2016-11-19,19.0,16.5,54.00
2016-11-20,23.1,15.8,10.50
2016-11-21,24.1,14.3,0.00
2016-11-22,25.2,14.0,0.00
2016-11-23,25.2,15.8,0.50
2016-11-24,24.3,17.2,4.30
2016-11-25,23.3,16.9,3.90
2016-11-26,23.2,16.9,8.10
2016-11-27,22.7,16.8,6.60
2016-11-28,23.6,16.3,9.50
2016-11-29,23.4,16.6,8.30
2016-11-30,23.8,15.9,5.10
2016-12-01,20.9,16.1,12.70
2016-12-02,21.3,16.0,16.30
2016-12-03,22.6,15.6,13.20
2016-12-04,23.7,15.4,13.80
2016-12-05,24.7,15.4,1.60
2016-12-06,23.7,15.4,5.70
2016-12-07,24.8,15.7,8.40
2016-12-08,22.3,15.6,7.10
2016-12-09,24.2,14.7,16.40
2016-12-10,24.8,16.9,41.10
2016-12-11,24.2,14.3,0.30
2016-12-12,24.9,14.4,0.00
2016-12-13,24.9,15.5,1.20
2016-12-14,25.3,14.2,4.90
2016-12-15,24.9,16.1,6.20
2016-12-16,23.8,16.2,6.00
2016-12-17,23.8,15.9,27.50
2016-12-18,25.1,15.2,3.00
2016-12-19,24.7,15.3,3.10
2016-12-20,23.5,14.7,8.30
2016-12-21,22.4,16.5,10.30
2016-12-22,22.2,14.8,5.70
2016-12-23,22.8,15.3,2.50
2016-12-24,24.4,16.2,4.10
2016-12-25,22.1,15.5,1.50
2016-12-26,23.2,14.2,5.40
2016-12-27,23.8,15.2,3.80
2016-12-28,23.8,15.0,0.60
2016-12-29,24.6,17.2,4.50
2016-12-30,22.9,15.6,4.80
2016-12-31,24.4,14.6,4.60
2017-01-01,25.9,14.0,0.30
2017-01-02,25.6,15.5,0.80
2017-01-03,26.4,15.6,0.80
2017-01-04,24.8,15.4,2.50
2017-01-05,25.0,14.2,0.30
2017-01-06,25.8,14.5,0.10
2017-01-07,24.7,16.3,0.60
2017-01-08,23.3,16.1,14.10
2017-01-09,22.6,16.0,5.60
2017-01-10,24.7,15.2,0.60
2017-01-11,24.8,14.6,5.60
2017-01-12,23.5,15.9,8.40
2017-01-13,24.1,16.8,1.70
2017-01-14,23.6,16.1,1.10
2017-01-15,20.9,16.1,1.60
2017-01-16,23.8,14.9,1.80
2017-01-17,23.9,14.0,1.10
2017-01-18,22.5,14.8,4.50
2017-01-19,25.2,11.1,0.50
2017-01-20,25.2,14.8,0.50
2017-01-21,24.0,14.1,1.40
2017-01-22,24.7,10.8,0.00
2017-01-23,24.8,11.2,0.00
2017-01-24,24.2,14.7,0.10
2017-01-25,24.7,14.6,0.20
2017-01-26,25.5,15.4,0.10
2017-01-27,25.3,15.5,0.20
2017-01-28,25.6,15.0,2.30
2017-01-29,26.1,16.8,0.80
2017-01-30,23.4,16.3,8.90
2017-01-31,25.2,15.3,9.40
2017-02-01,24.9,16.3,6.60
2017-02-02,24.8,15.6,12.00
2017-02-03,25.6,15.8,0.00
2017-02-04,25.6,13.8,0.20
2017-02-05,27.4,14.5,0.00
2017-02-06,27.4,16.1,0.00
2017-02-07,27.3,16.7,0.60
2017-02-08,28.5,17.5,0.50
2017-02-09,25.8,16.6,1.00
2017-02-10,25.8,15.0,0.00
2017-02-11,26.6,15.1,0.30
2017-02-12,22.0,16.0,10.70
2017-02-13,24.2,13.3,0.10
2017-02-14,25.0,14.6,0.20
2017-02-15,25.6,14.1,0.00
2017-02-16,25.5,11.9,0.00
2017-02-17,23.3,14.2,1.30
2017-02-18,26.2,15.2,0.80
2017-02-19,24.8,15.3,7.90
2017-02-20,26.5,14.0,9.80
2017-02-21,26.1,15.5,2.40
2017-02-22,24.5,14.9,8.50
2017-02-23,25.0,12.0,0.20
2017-02-24,25.7,14.3,2.30
2017-02-25,25.3,14.5,3.30
2017-02-26,24.3,14.4,0.10
2017-02-27,25.4,13.4,1.00
2017-02-28,25.7,14.7,8.60
2017-03-01,24.6,14.5,2.40
2017-03-02,25.1,13.8,7.30
2017-03-03,24.8,14.7,10.10
2017-03-04,26.8,14.3,0.00
2017-03-05,25.4,15.1,9.90
2017-03-06,25.8,15.6,4.90
2017-03-07,26.3,15.5,6.20
2017-03-08,24.4,15.4,11.90
2017-03-09,25.6,14.7,7.50
2017-03-10,24.8,16.1,15.20
2017-03-11,25.8,15.4,34.00
2017-03-12,22.8,14.4,15.60
2017-03-13,25.0,15.2,1.30
2017-03-14,24.8,13.9,18.10
2017-03-15,25.4,14.6,7.70
2017-03-16,27.1,13.7,0.20
2017-03-17,24.1,16.3,6.10
2017-03-18,25.7,14.9,14.20
2017-03-19,24.0,15.3,3.60
2017-03-20,24.8,14.6,12.10
2017-03-21,24.7,17.0,18.90
2017-03-22,24.8,16.3,4.10
2017-03-23,24.2,14.7,9.50
2017-03-24,23.8,15.7,10.20
2017-03-25,26.1,15.9,17.80
2017-03-26,24.2,14.8,7.60
2017-03-27,25.2,16.3,3.30
2017-03-28,26.8,16.0,7.00
2017-03-29,26.3,15.7,2.70
2017-03-30,23.4,16.7,6.10
2017-03-31,25.6,16.5,7.30
2017-04-01,27.2,14.6,0.40
2017-04-02,26.8,15.5,0.00
2017-04-03,26.0,16.2,0.40
2017-04-04,27.4,14.6,0.40
2017-04-05,26.7,15.8,0.00
2017-04-06,26.9,12.9,0.20
2017-04-07,26.4,16.5,0.80
2017-04-08,25.7,16.1,9.70
2017-04-09,25.9,14.7,9.80
2017-04-10,26.0,14.7,0.50
2017-04-11,25.3,14.8,7.40
2017-04-12,24.4,16.6,10.40
2017-04-13,27.0,15.7,0.00
2017-04-14,22.9,15.8,2.90
2017-04-15,28.3,14.4,3.50
2017-04-16,26.6,17.6,0.30
2017-04-17,23.1,15.5,3.00
2017-04-18,27.3,14.8,0.90
2017-04-19,23.5,15.2,4.20
2017-04-20,23.9,14.9,17.70
2017-04-21,26.1,13.4,0.30
2017-04-22,25.8,12.3,1.20
2017-04-23,26.5,16.8,1.70
2017-04-24,26.0,15.5,3.00
2017-04-25,26.6,15.7,10.80
2017-04-26,26.3,15.9,17.80
2017-04-27,26.3,14.8,2.60
2017-04-28,25.9,16.1,0.00
2017-04-29,26.4,15.3,0.20
2017-04-30,24.6,15.9,3.50
2017-05-01,26.0,13.6,9.10
2017-05-02,24.3,16.3,17.10
2017-05-03,24.4,15.9,4.10
2017-05-04,26.8,13.9,19.30
2017-05-05,25.4,15.4,23.40
2017-05-06,23.8,15.0,8.20
2017-05-07,23.7,13.6,10.50
2017-05-08,25.6,15.9,6.40
2017-05-09,24.8,16.8,19.30
2017-05-10,25.5,15.7,8.60
2017-05-11,25.0,15.2,3.20
2017-05-12,24.8,16.0,20.40
2017-05-13,25.5,13.5,9.40
2017-05-14,25.7,15.7,3.50
2017-05-15,26.3,15.1,24.10
2017-05-16,26.4,15.5,8.70
2017-05-17,25.3,15.9,8.60
2017-05-18,26.6,17.9,0.60
2017-05-19,27.8,15.2,9.30
2017-05-20,25.1,17.1,8.40
2017-05-21,25.5,17.3,2.20
2017-05-22,25.1,16.6,2.90
2017-05-23,26.2,15.0,0.40
2017-05-24,27.1,15.4,0.40
2017-05-25,26.1,15.8,0.10
2017-05-26,27.5,14.0,2.80
2017-05-27,26.6,16.7,3.40
2017-05-28,27.0,17.7,0.30
2017-05-29,26.4,18.1,5.50
2017-05-30,27.2,17.2,6.00
2017-05-31,26.0,16.5,11.90
2017-06-01,26.9,16.5,0.00
2017-06-02,27.2,16.0,0.00
2017-06-03,28.3,15.6,0.00
2017-06-04,26.9,15.5,0.50
2017-06-05,26.6,15.2,0.00
2017-06-06,27.9,13.2,1.50
2017-06-07,25.9,17.2,15.10
2017-06-08,21.6,16.8,10.40
2017-06-09,25.2,15.6,13.60
2017-06-10,27.2,14.7,1.90
2017-06-11,25.6,16.5,11.90
2017-06-12,24.3,16.9,5.20
2017-06-13,26.5,15.6,0.00
2017-06-14,26.4,13.7,0.30
2017-06-15,24.9,14.5,0.50
2017-06-16,26.7,12.2,5.30
2017-06-17,23.0,15.6,4.80
2017-06-18,25.0,14.8,10.60
2017-06-19,25.5,14.6,2.30
2017-06-20,26.5,16.2,0.30
2017-06-21,25.4,15.4,1.60
2017-06-22,26.7,16.7,1.00
2017-06-23,25.1,15.1,0.00
2017-06-24,27.6,14.2,0.00
2017-06-25,24.7,15.6,4.00
2017-06-26,24.7,16.2,18.50
2017-06-27,26.1,15.4,7.20
2017-06-28,25.8,17.2,1.40
2017-06-29,26.3,15.8,3.60
2017-06-30,25.8,16.9,6.00
2017-07-01,26.7,16.3,3.00
2017-07-02,26.1,16.3,0.70
2017-07-03,26.1,16.4,1.00
2017-07-04,26.6,16.7,0.00
2017-07-05,26.6,16.8,0.30
2017-07-06,26.2,15.5,0.50
2017-07-07,26.2,14.2,0.40
2017-07-08,25.6,15.4,0.80
2017-07-09,26.8,17.0,0.70
2017-07-10,26.6,15.6,2.00
2017-07-11,26.1,17.0,0.40
2017-07-12,26.3,16.4,2.10
2017-07-13,27.7,13.3,0.50
2017-07-14,25.2,15.9,16.10
2017-07-15,24.5,15.4,11.90
2017-07-16,26.4,12.9,4.20
2017-07-17,25.3,14.1,1.30
2017-07-18,26.5,16.8,8.30
2017-07-19,26.2,16.0,18.60
2017-07-20,24.8,16.2,15.00
2017-07-21,27.0,15.1,0.10
2017-07-22,26.1,16.8,0.60
2017-07-23,26.5,15.6,0.00
2017-07-24,26.2,14.7,0.10
2017-07-25,26.7,16.6,0.70
2017-07-26,26.4,14.4,0.00
2017-07-27,26.4,15.5,1.30
2017-07-28,26.7,15.4,0.00
2017-07-29,27.0,15.2,0.20
2017-07-30,26.7,16.2,15.90
2017-07-31,25.8,15.9,0.80
2017-08-01,25.4,14.3,0.40
2017-08-02,27.6,13.3,0.00
2017-08-03,27.9,17.2,1.40
2017-08-04,26.5,15.8,15.60
2017-08-05,26.3,15.2,0.30
2017-08-06,27.3,17.1,0.00
2017-08-07,27.9,17.4,0.20
2017-08-08,27.5,16.6,0.00
2017-08-09,27.5,16.2,0.10
2017-08-10,26.8,17.4,0.00
2017-08-11,27.7,15.7,2.60
2017-08-12,26.4,16.0,1.50
2017-08-13,26.8,15.2,0.00
2017-08-14,28.1,15.8,0.00
2017-08-15,29.3,16.5,5.30
2017-08-16,27.5,17.5,12.00
2017-08-17,28.2,16.6,2.20
2017-08-18,27.6,17.3,8.00
2017-08-19,26.3,16.4,14.90
2017-08-20,23.7,16.7,11.10
2017-08-21,26.3,14.8,0.30
2017-08-22,27.6,14.3,0.60
2017-08-23,27.5,15.6,0.30
2017-08-24,25.3,16.3,0.40
2017-08-25,26.2,13.2,1.10
2017-08-26,27.4,16.7,0.90
2017-08-27,26.7,15.8,1.70
2017-08-28,26.0,15.5,8.00
2017-08-29,26.8,16.3,3.70
2017-08-30,26.4,15.6,1.90
2017-08-31,27.0,14.9,3.20
2017-09-01,27.8,14.0,0.10
2017-09-02,27.6,16.4,0.60
2017-09-03,26.8,16.0,1.30
2017-09-04,27.3,12.8,1.90
2017-09-05,26.8,17.3,0.40
2017-09-06,27.7,16.7,1.90
2017-09-07,26.6,17.1,1.50
2017-09-08,23.0,15.7,10.00
2017-09-09,23.6,16.9,10.10
2017-09-10,24.4,15.8,13.50
2017-09-11,26.7,16.2,1.60
2017-09-12,26.0,16.5,3.50
2017-09-13,26.2,16.1,0.60
2017-09-14,27.5,17.3,6.70
2017-09-15,27.1,17.0,2.80
2017-09-16,27.2,17.6,3.90
2017-09-17,26.6,16.7,1.80
2017-09-18,27.6,15.3,4.30
2017-09-19,26.2,16.5,11.40
2017-09-20,26.6,16.6,3.00
2017-09-21,27.6,15.7,9.00
2017-09-22,27.0,17.5,6.90
2017-09-23,25.4,15.9,8.10
2017-09-24,27.4,15.3,2.20
2017-09-25,27.6,16.7,3.10
2017-09-26,24.9,16.0,0.30
2017-09-27,28.1,15.3,1.70
2017-09-28,25.9,16.5,14.90
2017-09-29,25.9,16.2,4.00
2017-09-30,23.6,15.2,9.30
2017-10-01,26.1,15.2,2.80
2017-10-02,28.2,15.5,9.20
2017-10-03,27.4,16.2,7.20
2017-10-04,22.8,16.1,16.50
2017-10-05,22.9,15.1,5.80
2017-10-06,24.6,14.7,3.30
2017-10-07,25.6,14.5,0.90
2017-10-08,26.7,11.9,0.20
2017-10-09,23.4,12.4,6.20
2017-10-10,27.0,13.7,2.90
2017-10-11,23.5,14.2,1.70
2017-10-12,27.0,13.3,0.80
2017-10-13,26.9,16.4,3.20
2017-10-14,27.0,16.6,0.70
2017-10-15,27.4,16.9,0.00
2017-10-16,27.8,16.7,0.30
2017-10-17,27.7,15.9,0.00
2017-10-18,28.1,15.9,2.90
2017-10-19,27.8,14.9,2.30
2017-10-20,28.2,16.9,6.20
2017-10-21,27.4,17.6,16.70
2017-10-22,25.5,16.1,2.90
2017-10-23,26.0,16.0,0.20
2017-10-24,23.6,16.2,11.80
2017-10-25,26.7,14.2,8.30
2017-10-26,24.3,15.0,4.50
2017-10-27,25.8,14.8,4.10
2017-10-28,24.2,16.0,15.70
2017-10-29,22.2,15.7,2.30
2017-10-30,24.8,14.0,13.20
2017-10-31,25.1,15.4,14.20
2017-11-01,25.7,14.6,4.50
2017-11-02,26.5,14.3,0.50
2017-11-03,24.4,16.7,1.80
2017-11-04,23.5,15.8,10.50
2017-11-05,24.3,14.4,1.90
2017-11-06,25.5,15.6,2.30
2017-11-07,25.1,16.1,7.30
2017-11-08,24.4,15.7,0.10
2017-11-09,24.6,14.1,18.30
2017-11-10,25.2,14.4,13.90
2017-11-11,25.8,15.6,3.90
2017-11-12,26.6,17.4,6.10
2017-11-13,22.0,16.9,3.30
2017-11-14,24.5,15.6,11.80
2017-11-15,23.4,16.4,3.90
2017-11-16,24.0,14.6,4.50
2017-11-17,23.2,15.3,1.20
2017-11-18,23.7,15.1,3.90
2017-11-19,23.6,15.7,16.40
2017-11-20,23.6,16.1,18.10
2017-11-21,25.4,15.7,3.90
2017-11-22,24.3,16.7,5.20
2017-11-23,25.3,16.9,1.60
2017-11-24,24.8,15.6,16.50
2017-11-25,25.5,14.9,0.50
2017-11-26,27.1,16.3,0.60
2017-11-27,24.1,17.1,1.40
2017-11-28,26.3,16.5,0.10
2017-11-29,26.5,16.5,8.60
2017-11-30,25.2,15.7,12.80
2017-12-01,24.4,14.5,8.30
2017-12-02,25.0,15.2,4.50
2017-12-03,26.0,15.7,0.10
2017-12-04,25.4,14.7,0.00
2017-12-05,26.1,15.1,0.00
2017-12-06,26.6,15.0,0.00
2017-12-07,26.5,15.3,0.00
2017-12-08,24.8,16.1,6.20
2017-12-09,26.1,16.4,16.40
2017-12-10,24.7,16.3,1.40
2017-12-11,24.9,14.5,1.10
2017-12-12,23.1,15.8,2.80
2017-12-13,24.2,13.5,0.20
2017-12-14,26.4,15.8,1.00
2017-12-15,26.2,17.0,0.00
2017-12-16,26.1,16.6,0.00
2017-12-17,25.9,16.7,0.20
2017-12-18,26.2,15.3,0.00
2017-12-19,26.4,12.8,0.00
2017-12-20,26.9,12.9,0.10
2017-12-21,27.1,16.2,0.00
2017-12-22,26.6,16.3,0.10
2017-12-23,25.3,16.9,7.00
2017-12-24,24.0,16.7,0.20
2017-12-25,23.9,16.0,4.40
2017-12-26,23.0,15.4,2.10
2017-12-27,23.0,16.3,3.30
2017-12-28,23.2,16.8,3.40
2017-12-29,24.8,15.8,11.50
2017-12-30,24.8,14.1,7.20
2017-12-31,24.1,15.1,1.40
2018-01-01,23.6,14.1,2.90
2018-01-02,24.7,14.6,18.30
2018-01-03,26.3,14.3,16.00
2018-01-04,24.1,15.1,18.50
2018-01-05,26.1,15.3,13.40
2018-01-06,24.8,14.0,0.50
2018-01-07,25.6,12.8,0.00
2018-01-08,26.0,14.7,0.00
2018-01-09,20.1,14.9,4.80
2018-01-10,25.0,11.7,3.90
2018-01-11,24.8,15.5,6.70
2018-01-12,24.3,15.7,3.10
2018-01-13,23.8,14.8,0.60
2018-01-14,24.9,13.3,1.00
2018-01-15,24.3,14.4,0.40
2018-01-16,23.6,13.4,9.40
2018-01-17,23.6,14.8,9.10
2018-01-18,25.1,14.0,4.20
2018-01-19,25.2,14.2,1.50
2018-01-20,25.4,13.7,0.00
2018-01-21,25.6,14.7,0.00
2018-01-22,25.7,15.2,0.00
2018-01-23,25.6,14.1,2.20
2018-01-24,25.7,13.1,0.00
2018-01-25,26.7,14.6,0.00
2018-01-26,25.8,16.7,0.30
2018-01-27,26.6,14.2,0.00
2018-01-28,24.6,16.1,5.30
2018-01-29,26.6,16.8,1.20
2018-01-30,24.7,17.3,1.70
2018-01-31,25.2,16.5,0.10
2018-02-01,26.3,16.1,0.30
2018-02-02,23.4,16.2,4.90
2018-02-03,24.5,16.1,5.10
2018-02-04,24.8,16.7,1.40
2018-02-05,24.9,17.4,18.20
2018-02-06,25.2,17.5,6.30
2018-02-07,28.3,16.6,0.70
2018-02-08,24.1,17.6,2.30
2018-02-09,24.1,15.7,0.30
2018-02-10,25.2,15.7,0.20
2018-02-11,23.6,16.0,1.00
2018-02-12,24.0,14.1,1.50
2018-02-13,24.0,15.5,1.20
2018-02-14,23.3,16.3,0.60
2018-02-15,26.8,16.3,1.60
2018-02-16,25.4,16.8,0.40
2018-02-17,24.2,16.7,0.70
2018-02-18,25.2,15.6,0.20
2018-02-19,26.4,14.2,0.00
2018-02-20,24.5,15.8,1.00
2018-02-21,25.8,14.2,0.40
2018-02-22,22.9,15.2,5.00
2018-02-23,23.2,13.8,15.60
2018-02-24,24.1,14.0,2.10
2018-02-25,23.3,13.0,1.50
2018-02-26,24.1,11.7,1.60
2018-02-27,24.4,12.5,0.80
2018-02-28,25.5,13.0,0.40
2018-03-01,25.5,13.8,0.60
2018-03-02,24.4,15.6,1.00
2018-03-03,26.9,15.8,2.80
2018-03-04,24.3,16.8,2.90
2018-03-05,24.5,16.9,5.80
2018-03-06,24.4,16.2,10.40
2018-03-07,26.6,15.3,0.40
2018-03-08,26.9,15.5,0.00
2018-03-09,27.3,15.6,0.00
2018-03-10,27.6,15.0,0.10
2018-03-11,27.8,14.9,0.00
2018-03-12,28.5,16.7,0.10
2018-03-13,26.6,16.0,1.30
2018-03-14,27.4,14.8,0.20
2018-03-15,25.0,16.4,7.60
2018-03-16,27.9,16.1,0.00
2018-03-17,27.3,16.0,0.10
2018-03-18,25.8,15.5,8.90
2018-03-19,25.6,15.7,0.80
2018-03-20,25.0,15.7,12.80
2018-03-21,28.1,16.4,0.60
2018-03-22,25.8,17.4,1.00
2018-03-23,25.2,16.7,4.40
2018-03-24,24.2,13.8,0.90
2018-03-25,26.0,15.9,13.20
2018-03-26,27.6,15.3,11.90
2018-03-27,26.8,16.1,0.90
2018-03-28,25.4,15.9,4.90
2018-03-29,23.1,15.0,6.60
2018-03-30,24.5,13.9,13.60
2018-03-31,26.2,14.7,14.20
2018-04-01,23.9,16.3,26.60
2018-04-02,24.6,14.3,20.20
2018-04-03,22.6,15.8,23.70
2018-04-04,24.6,16.2,10.30
2018-04-05,24.9,14.1,7.00
2018-04-06,20.7,15.4,17.90
2018-04-07,24.7,14.4,0.00
2018-04-08,25.7,13.9,0.20
2018-04-09,26.0,15.3,12.00
2018-04-10,23.8,14.7,17.00
2018-04-11,23.8,14.3,17.60
2018-04-12,21.9,15.1,3.10
2018-04-13,24.7,14.4,7.20
2018-04-14,24.6,15.1,0.70
2018-04-15,25.9,16.0,11.30
2018-04-16,25.9,16.2,0.30
2018-04-17,25.4,14.1,8.20
2018-04-18,26.9,16.1,0.60
2018-04-19,25.6,15.7,0.50
2018-04-20,25.4,15.0,0.70
2018-04-21,26.9,13.9,1.10
2018-04-22,23.8,14.9,0.50
2018-04-23,27.5,12.9,4.80
2018-04-24,26.0,16.6,18.80
2018-04-25,26.9,16.4,4.90
2018-04-26,24.3,16.6,13.30
2018-04-27,23.5,16.3,8.90
2018-04-28,25.4,16.4,8.00
2018-04-29,24.5,15.6,4.60
2018-04-30,26.6,14.4,0.20
2018-05-01,25.4,15.8,0.60
2018-05-02,27.2,14.8,4.40
2018-05-03,25.5,16.5,23.60
2018-05-04,24.5,15.7,5.50
2018-05-05,25.7,13.9,0.60
2018-05-06,25.6,16.2,10.80
2018-05-07,23.0,15.3,5.90
2018-05-08,23.2,15.1,11.50
2018-05-09,23.5,15.7,10.90
2018-05-10,25.4,15.5,26.40
2018-05-11,25.7,16.1,11.10
2018-05-12,26.9,14.6,2.90
2018-05-13,23.7,14.3,11.40
2018-05-14,24.0,13.5,11.60
2018-05-15,24.3,15.7,7.90
2018-05-16,26.0,14.5,4.10
2018-05-17,25.8,16.3,0.90
2018-05-18,25.4,16.4,14.40
2018-05-19,24.8,13.8,15.20
2018-05-20,25.3,16.4,1.40
2018-05-21,23.2,15.6,2.20
2018-05-22,26.4,16.7,1.50
2018-05-23,25.8,16.5,8.50
2018-05-24,26.6,14.7,0.80
2018-05-25,27.2,17.1,0.60
2018-05-26,25.8,17.0,20.60
2018-05-27,24.7,16.2,25.50
2018-05-28,24.4,16.9,0.60
2018-05-29,26.6,15.5,0.10
2018-05-30,25.5,15.7,12.30
2018-05-31,26.4,16.3,0.70
2018-06-01,25.8,16.1,4.20
2018-06-02,27.5,14.3,3.50
2018-06-03,26.5,15.5,4.40
2018-06-04,26.2,15.9,1.20
2018-06-05,26.8,15.3,2.50
2018-06-06,26.0,16.3,0.50
2018-06-07,26.3,17.1,0.40
2018-06-08,26.9,15.7,0.50
2018-06-09,27.2,16.1,1.70
2018-06-10,25.7,16.4,3.10
2018-06-11,25.8,16.1,19.10
2018-06-12,27.7,15.5,6.60
2018-06-13,27.2,16.0,0.40
2018-06-14,24.9,16.5,0.20
2018-06-15,25.9,15.8,0.60
2018-06-16,26.1,16.3,0.40
2018-06-17,26.5,16.4,1.00
2018-06-18,26.6,16.6,0.00
2018-06-19,25.9,15.8,2.90
2018-06-20,25.9,15.8,0.90
2018-06-21,25.8,15.9,0.30
2018-06-22,26.4,16.0,0.00
2018-06-23,27.2,16.0,0.30
2018-06-24,25.3,15.6,0.20
2018-06-25,25.6,15.6,0.00
2018-06-26,26.6,14.5,0.20
2018-06-27,26.5,14.1,3.80
2018-06-28,26.3,14.3,3.50
2018-06-29,25.3,15.8,4.10
2018-06-30,25.1,14.1,0.00
2018-07-01,25.6,14.8,1.10
2018-07-02,24.9,16.1,12.20
2018-07-03,23.7,14.1,3.30
2018-07-04,26.7,12.3,0.00
2018-07-05,26.1,15.6,0.00
2018-07-06,26.3,15.8,3.10
2018-07-07,26.3,16.0,0.00
2018-07-08,26.6,14.7,0.00
2018-07-09,27.2,16.0,1.90
2018-07-10,26.9,15.5,0.00
2018-07-11,26.7,15.4,0.00
2018-07-12,26.5,16.4,0.00
2018-07-13,26.9,15.7,0.00
2018-07-14,26.2,15.4,0.20
2018-07-15,26.7,15.8,0.20
2018-07-16,26.9,15.0,0.00
2018-07-17,27.0,14.7,0.10
2018-07-18,26.9,15.2,0.20
2018-07-19,27.4,16.0,0.00
2018-07-20,27.1,15.8,0.00
2018-07-21,27.3,13.9,0.40
2018-07-22,27.3,14.5,0.00
2018-07-23,28.0,14.3,0.60
2018-07-24,28.2,15.2,0.00
2018-07-25,27.9,16.0,0.00
2018-07-26,26.9,16.0,9.40
2018-07-27,26.4,15.9,3.10
2018-07-28,27.2,16.5,0.90
2018-07-29,27.2,16.4,0.40
2018-07-30,25.2,15.3,13.40
2018-07-31,24.5,14.0,1.40
2018-08-01,26.5,12.8,4.00
2018-08-02,26.6,15.0,0.20
2018-08-03,25.7,13.9,26.70
2018-08-04,25.9,14.1,0.30
2018-08-05,21.3,14.9,5.80
2018-08-06,27.5,11.8,0.00
2018-08-07,27.7,15.3,0.10
2018-08-08,27.2,14.7,0.10
2018-08-09,26.9,14.4,0.30
2018-08-10,26.7,14.0,0.00
2018-08-11,27.2,12.0,0.00
2018-08-12,27.2,12.9,0.00
2018-08-13,27.9,14.0,1.40
2018-08-14,24.1,16.3,12.90
2018-08-15,25.6,13.9,2.50
2018-08-16,26.3,13.6,0.10
2018-08-17,27.6,15.0,0.20
2018-08-18,27.8,15.1,0.40
2018-08-19,28.2,15.0,0.10
2018-08-20,27.1,15.7,0.00
2018-08-21,27.0,16.2,0.30
2018-08-22,27.9,15.9,0.30
2018-08-23,28.2,14.9,0.30
2018-08-24,28.0,15.9,0.40
2018-08-25,29.2,15.5,0.20
2018-08-26,28.4,16.0,0.00
2018-08-27,28.0,15.4,0.50
2018-08-28,28.5,15.0,0.50
2018-08-29,28.3,15.7,0.20
2018-08-30,28.7,16.0,0.30
2018-08-31,29.5,16.1,4.30
2018-09-01,29.0,16.1,1.80
2018-09-02,27.6,17.0,0.50
2018-09-03,28.2,15.9,8.00
2018-09-04,26.1,15.9,12.00
2018-09-05,25.1,15.9,26.00
2018-09-06,26.1,15.2,9.90
2018-09-07,25.8,15.9,16.10
2018-09-08,27.4,15.2,1.80
2018-09-09,27.4,16.3,0.40
2018-09-10,27.7,15.6,0.70
2018-09-11,27.9,16.5,1.40
2018-09-12,25.6,16.0,2.70
2018-09-13,25.2,15.3,16.20
2018-09-14,24.9,14.4,8.10
2018-09-15,24.8,15.3,22.60
2018-09-16,25.5,16.1,15.80
2018-09-17,27.5,16.0,0.00
2018-09-18,28.5,17.1,0.10
2018-09-19,27.1,15.6,0.80
2018-09-20,26.7,16.5,0.50
2018-09-21,27.9,15.3,1.20
2018-09-22,27.4,16.8,0.70
2018-09-23,27.3,16.3,3.00
2018-09-24,26.4,15.1,0.20
2018-09-25,27.1,16.2,0.00
2018-09-26,28.3,16.5,0.60
2018-09-27,25.5,14.7,8.30
2018-09-28,27.0,15.8,0.70
2018-09-29,26.6,16.8,9.70
2018-09-30,24.2,15.9,3.70
2018-10-01,27.2,15.2,12.10
2018-10-02,25.9,15.2,0.50
2018-10-03,25.5,15.9,15.60
2018-10-04,25.1,15.5,3.20
2018-10-05,25.2,16.0,18.80
2018-10-06,23.8,16.1,1.90
2018-10-07,24.9,16.0,8.20
2018-10-08,25.5,15.6,4.70
2018-10-09,23.3,14.3,23.10
2018-10-10,24.1,15.5,2.50
2018-10-11,24.8,15.7,10.40
2018-10-12,23.1,15.4,2.00
2018-10-13,24.0,13.6,1.00
2018-10-14,24.6,14.3,2.70
2018-10-15,26.3,15.9,0.90
2018-10-16,26.5,15.5,13.30
2018-10-17,25.0,16.1,10.30
2018-10-18,24.8,15.9,21.10
2018-10-19,25.3,15.7,10.20
2018-10-20,25.2,15.7,15.90
2018-10-21,23.5,14.7,11.00
2018-10-22,23.7,13.6,3.90
2018-10-23,23.4,13.8,4.00
2018-10-24,25.1,14.8,6.40
2018-10-25,25.4,13.8,4.60
2018-10-26,25.6,15.4,11.00
2018-10-27,26.5,14.5,2.60
2018-10-28,26.8,17.1,1.80
2018-10-29,24.4,16.4,1.10
2018-10-30,25.9,15.7,1.30
2018-10-31,27.1,15.7,5.30
2018-11-01,25.4,15.3,10.20
2018-11-02,23.3,14.7,10.20
2018-11-03,25.0,15.1,17.10
2018-11-04,23.7,14.8,0.50
2018-11-05,22.7,15.3,9.60
2018-11-06,25.3,14.1,18.50
2018-11-07,25.4,15.2,1.50
2018-11-08,25.6,15.9,9.20
2018-11-09,22.2,15.3,15.30
2018-11-10,26.5,15.6,2.40
2018-11-11,26.4,16.5,6.10
2018-11-12,25.0,17.0,10.30
2018-11-13,25.7,16.4,7.20
2018-11-14,25.2,16.9,14.50
2018-11-15,24.7,15.5,3.70
2018-11-16,27.2,16.4,2.70
2018-11-17,27.1,15.9,27.00
2018-11-18,25.4,16.0,9.00
2018-11-19,23.7,15.8,4.70
2018-11-20,26.9,15.0,1.50
2018-11-21,25.7,16.3,4.60
2018-11-22,25.1,14.3,7.60
2018-11-23,25.3,15.0,4.20
2018-11-24,25.4,16.2,5.30
2018-11-25,25.5,15.5,9.50
2018-11-26,26.3,16.0,5.10
2018-11-27,24.7,15.0,4.30
2018-11-28,23.4,15.8,7.20
2018-11-29,26.2,15.8,6.90
2018-11-30,24.9,16.5,20.30
2018-12-01,24.4,15.0,4.60
2018-12-02,25.2,16.5,0.10
2018-12-03,25.7,16.6,0.90
2018-12-04,23.9,16.9,10.20
2018-12-05,24.1,16.6,15.10
2018-12-06,25.3,15.5,0.60
2018-12-07,24.5,15.6,5.40
2018-12-08,24.5,15.2,9.00
2018-12-09,25.0,15.7,0.90
2018-12-10,26.4,14.6,1.90
2018-12-11,26.0,16.5,0.80
2018-12-12,25.2,16.8,0.60
2018-12-13,25.7,16.8,0.50
2018-12-14,24.3,14.8,3.40
2018-12-15,25.5,14.9,5.40
2018-12-16,26.0,15.9,0.00
2018-12-17,24.4,15.6,1.10
2018-12-18,24.4,16.5,0.70
2018-12-19,26.1,16.3,0.40
2018-12-20,25.4,15.9,0.40
2018-12-21,24.2,16.2,0.00
2018-12-22,24.7,14.0,0.00
2018-12-23,25.7,14.4,0.40
2018-12-24,25.6,14.2,0.90
2018-12-25,26.2,15.5,0.20
2018-12-26,26.9,14.7,1.70
2018-12-27,26.4,14.8,0.10
2018-12-28,26.0,15.9,0.20
2018-12-29,25.9,16.4,0.30
2018-12-30,25.7,15.6,0.60
2018-12-31,25.3,14.2,0.00
2019-01-01,27.0,13.6,0.10
2019-01-02,27.1,14.0,0.00
2019-01-03,26.3,12.0,0.00
2019-01-04,26.6,13.5,0.10
2019-01-05,28.5,15.6,0.00
2019-01-06,26.2,16.8,20.50
2019-01-07,22.7,14.7,1.30
2019-01-08,26.2,14.3,2.30
2019-01-09,20.9,15.2,2.90
2019-01-10,24.3,13.1,3.30
2019-01-11,23.7,14.4,0.50
2019-01-12,23.0,14.9,8.80
2019-01-13,23.7,15.7,4.60
2019-01-14,23.8,14.8,3.30
2019-01-15,25.7,14.6,0.20
2019-01-16,24.7,15.7,1.20
2019-01-17,23.9,16.2,1.20
2019-01-18,25.6,14.4,1.90
2019-01-19,26.4,15.0,0.50
2019-01-20,26.0,15.7,0.50
2019-01-21,24.4,15.8,3.90
2019-01-22,26.3,15.9,0.20
2019-01-23,27.2,16.0,0.00
2019-01-24,27.7,16.8,0.30
2019-01-25,25.9,16.4,0.90
2019-01-26,27.2,15.5,0.40
2019-01-27,25.8,16.1,3.50
2019-01-28,25.1,15.6,9.20
2019-01-29,26.4,14.7,0.00
2019-01-30,25.6,15.5,0.40
2019-01-31,25.7,16.0,3.40
2019-02-01,26.2,16.1,5.10
2019-02-02,26.0,16.5,1.10
2019-02-03,26.5,16.6,0.60
2019-02-04,26.1,16.1,5.50
2019-02-05,26.5,17.1,2.00
2019-02-06,25.7,17.1,4.40
2019-02-07,25.0,17.4,7.60
2019-02-08,25.9,16.3,7.60
2019-02-09,23.7,17.4,1.80
2019-02-10,25.0,16.4,3.30
2019-02-11,26.3,16.4,12.70
2019-02-12,27.3,16.8,1.90
2019-02-13,27.4,15.8,0.60
2019-02-14,25.2,17.0,4.70
2019-02-15,27.6,16.1,0.70
2019-02-16,25.2,18.1,3.70
2019-02-17,25.2,17.3,2.50
2019-02-18,25.2,16.5,3.10
2019-02-19,23.7,15.7,8.80
2019-02-20,25.7,13.9,3.60
2019-02-21,27.9,16.6,0.30
2019-02-22,28.4,15.9,0.90
2019-02-23,25.4,17.1,9.00
2019-02-24,26.7,16.0,2.40
2019-02-25,26.1,14.0,1.50
2019-02-26,23.2,16.7,19.80
2019-02-27,23.7,15.2,14.70
2019-02-28,25.5,13.6,8.50
2019-03-01,25.9,14.0,11.50
2019-03-02,24.4,15.2,1.30
2019-03-03,26.3,14.8,4.70
2019-03-04,27.0,15.7,9.20
2019-03-05,25.5,15.5,1.30
2019-03-06,27.0,17.6,2.10
2019-03-07,24.2,17.5,7.90
2019-03-08,26.3,16.7,1.30
2019-03-09,26.6,15.7,0.40
2019-03-10,26.3,16.2,12.50
2019-03-11,25.3,16.0,1.30
2019-03-12,27.2,16.3,2.30
2019-03-13,27.5,17.4,1.20
2019-03-14,24.6,18.0,8.60
2019-03-15,26.3,15.4,3.00
2019-03-16,26.8,17.1,1.20
2019-03-17,26.1,17.0,1.70
2019-03-18,24.9,17.0,2.90
2019-03-19,24.0,17.1,11.00
2019-03-20,25.2,15.1,21.00
2019-03-21,25.4,13.4,13.40
2019-03-22,25.6,15.2,6.10
2019-03-23,23.6,15.1,8.60
2019-03-24,25.4,15.8,15.50
2019-03-25,26.6,16.5,9.40
2019-03-26,25.8,16.7,11.20
2019-03-27,26.5,16.8,0.30
2019-03-28,26.7,17.6,25.80
2019-03-29,22.8,16.9,20.90
2019-03-30,26.9,15.8,0.80
2019-03-31,27.6,17.2,2.70
2019-04-01,26.6,16.9,11.10
2019-04-02,24.5,15.4,7.30
2019-04-03,27.1,13.6,0.40
2019-04-04,25.3,15.7,4.00
2019-04-05,25.4,16.2,19.30
2019-04-06,25.6,15.4,4.40
2019-04-07,25.1,16.3,5.50
2019-04-08,27.0,15.5,0.30
2019-04-09,25.4,16.1,25.00
2019-04-10,25.0,14.8,15.20
2019-04-11,25.7,15.1,3.90
2019-04-12,26.8,15.4,0.90
2019-04-13,27.8,16.6,3.30
2019-04-14,26.5,16.3,10.50
2019-04-15,26.5,15.7,2.00
2019-04-16,26.3,14.1,1.10
2019-04-17,24.3,17.1,15.80
2019-04-18,25.8,16.0,19.20
2019-04-19,25.2,17.1,8.80
2019-04-20,25.2,16.4,6.00
2019-04-21,25.1,16.9,12.10
2019-04-22,23.9,16.6,17.20
2019-04-23,26.2,15.4,21.30
2019-04-24,24.6,16.4,4.00
2019-04-25,24.7,15.6,4.10
2019-04-26,26.2,17.3,8.90
2019-04-27,27.4,17.0,1.30
2019-04-28,26.6,16.7,0.10
2019-04-29,26.3,15.1,0.00
2019-04-30,26.6,16.5,0.00
2019-05-01,26.3,15.8,0.00
2019-05-02,27.5,17.0,0.00
2019-05-03,26.7,15.8,0.20
2019-05-04,26.4,15.5,0.30
2019-05-05,28.1,16.5,1.80
2019-05-06,28.5,17.3,0.30
2019-05-07,28.1,17.4,0.80
2019-05-08,23.3,17.2,5.70
2019-05-09,26.0,17.0,15.60
2019-05-10,24.2,15.4,7.20
2019-05-11,26.3,16.4,18.30
2019-05-12,26.4,16.7,8.30
2019-05-13,26.5,13.9,0.30
2019-05-14,25.5,16.3,14.10
2019-05-15,25.6,16.2,4.60
2019-05-16,26.6,15.4,2.50
2019-05-17,25.5,14.6,1.10
2019-05-18,25.2,15.5,20.20
2019-05-19,21.9,15.4,11.40
2019-05-20,26.5,15.4,17.40
2019-05-21,26.6,15.8,0.60
2019-05-22,27.1,16.3,3.70
2019-05-23,23.9,16.1,21.20
2019-05-24,27.2,14.0,4.20
2019-05-25,23.6,16.7,19.00
2019-05-26,26.8,14.3,1.80
2019-05-27,25.9,15.8,44.30
2019-05-28,23.5,17.1,8.20
2019-05-29,25.6,14.5,3.20
2019-05-30,24.0,16.7,15.80
2019-05-31,25.1,15.8,10.40
2019-06-01,23.6,15.1,3.40
2019-06-02,25.2,14.5,3.00
2019-06-03,26.5,17.0,0.30
2019-06-04,26.6,16.0,0.10
2019-06-05,27.6,16.8,2.80
2019-06-06,25.5,16.5,17.20
2019-06-07,22.0,14.6,12.10
2019-06-08,26.0,14.6,5.40
2019-06-09,27.1,15.9,0.00
2019-06-10,25.5,15.7,16.40
2019-06-11,26.8,13.7,3.90
2019-06-12,25.6,16.9,1.20
2019-06-13,25.8,15.3,11.40
2019-06-14,26.5,15.6,0.50
2019-06-15,24.8,16.9,6.30
2019-06-16,26.3,15.0,0.60
2019-06-17,26.6,15.2,0.10
2019-06-18,26.5,15.8,0.00
2019-06-19,26.3,16.3,0.00
2019-06-20,25.4,13.8,0.00
2019-06-21,26.2,13.8,0.00
2019-06-22,25.6,15.5,0.00
2019-06-23,26.4,15.2,0.10
2019-06-24,26.4,16.2,1.80
2019-06-25,24.4,16.7,8.50
2019-06-26,26.9,13.6,0.00
2019-06-27,28.0,16.6,0.00
2019-06-28,26.6,16.7,0.00
2019-06-29,26.5,15.1,0.10
2019-06-30,27.5,13.0,1.10
2019-07-01,26.8,15.4,4.70
2019-07-02,26.8,15.9,0.40
2019-07-03,25.6,16.0,5.60
2019-07-04,27.7,17.3,2.20
2019-07-05,27.3,15.7,2.80
2019-07-06,26.3,13.2,0.10
2019-07-07,27.0,13.5,0.10
2019-07-08,27.4,15.2,0.20
2019-07-09,25.3,16.3,0.50
2019-07-10,27.2,15.6,0.00
2019-07-11,27.0,16.3,0.10
2019-07-12,27.4,15.5,0.40
2019-07-13,25.8,15.8,0.30
2019-07-14,27.5,15.3,0.20
2019-07-15,27.1,15.5,8.40
2019-07-16,26.0,16.5,2.60
2019-07-17,27.3,15.3,3.30
2019-07-18,28.5,14.2,0.00
2019-07-19,27.2,16.4,0.00
2019-07-20,27.4,15.4,0.00
2019-07-21,28.0,15.2,0.30
2019-07-22,28.0,13.7,3.60
2019-07-23,26.3,16.1,1.80
2019-07-24,27.0,14.2,0.60
2019-07-25,27.9,15.5,1.20
2019-07-26,26.7,15.4,0.10
2019-07-27,27.4,15.6,0.80
2019-07-28,28.0,15.5,0.00
2019-07-29,29.1,16.4,0.10
2019-07-30,28.7,15.6,0.00
2019-07-31,28.4,15.7,0.00
2019-08-01,28.4,15.3,0.30
2019-08-02,28.4,16.5,0.80
2019-08-03,28.1,15.8,0.30
2019-08-04,28.4,15.2,0.00
2019-08-05,29.3,15.4,0.40
2019-08-06,29.4,12.9,0.20
2019-08-07,28.4,14.0,0.00
2019-08-08,28.7,16.2,0.10
2019-08-09,28.3,16.1,0.00
2019-08-10,28.8,15.0,0.00
2019-08-11,28.8,14.8,0.20
2019-08-12,29.4,14.5,0.00
2019-08-13,29.8,15.6,0.00
2019-08-14,29.1,14.9,1.30
2019-08-15,29.0,13.4,0.00
2019-08-16,26.2,14.0,16.30
2019-08-17,26.5,14.9,2.00
2019-08-18,28.1,13.5,0.00
2019-08-19,28.9,15.5,0.20
2019-08-20,27.3,13.5,0.00
2019-08-21,27.2,15.2,0.40
2019-08-22,28.0,16.2,0.00
2019-08-23,28.2,16.1,0.20
2019-08-24,27.8,14.1,0.60
2019-08-25,28.9,15.4,0.00
2019-08-26,27.9,15.0,0.00
2019-08-27,29.6,12.7,0.00
2019-08-28,28.1,14.4,0.70
2019-08-29,28.9,13.4,0.00
2019-08-30,29.1,15.4,0.00
2019-08-31,29.2,16.6,0.00
2019-09-01,29.3,16.4,0.10
2019-09-02,29.4,16.7,1.30
2019-09-03,29.8,17.0,0.80
2019-09-04,30.2,16.2,0.10
2019-09-05,28.7,16.6,0.30
2019-09-06,29.1,16.4,2.10
2019-09-07,29.3,17.7,0.20
2019-09-08,28.9,15.9,0.00
2019-09-09,29.4,16.4,0.80
2019-09-10,29.5,16.9,0.10
2019-09-11,31.1,16.4,0.10
2019-09-12,29.9,15.6,0.10
2019-09-13,30.0,17.5,1.50
2019-09-14,29.0,17.3,1.50
2019-09-15,29.6,14.9,0.90
2019-09-16,28.8,16.6,0.30
2019-09-17,27.9,15.9,18.20
2019-09-18,22.5,17.6,5.30
2019-09-19,24.9,16.8,19.20
2019-09-20,25.6,15.1,17.30
2019-09-21,25.2,16.3,8.20
2019-09-22,26.9,15.9,2.10
2019-09-23,25.9,17.0,20.10
2019-09-24,24.8,13.6,0.70
2019-09-25,25.5,15.5,13.00
2019-09-26,24.1,16.4,14.40
2019-09-27,27.2,17.4,0.10
2019-09-28,26.5,17.1,1.80
2019-09-29,25.2,15.1,0.80
2019-09-30,25.7,14.8,0.70
2019-10-01,25.5,15.1,0.80
2019-10-02,25.7,16.8,3.10
2019-10-03,23.0,14.7,0.20
2019-10-04,26.7,11.9,1.80
2019-10-05,26.0,16.2,5.90
2019-10-06,25.3,15.5,4.80
2019-10-07,26.3,14.7,0.10
2019-10-08,27.0,15.2,0.40
2019-10-09,27.5,15.9,0.40
2019-10-10,24.0,15.8,10.20
2019-10-11,24.8,14.8,19.00
2019-10-12,26.4,14.0,1.80
2019-10-13,26.5,16.3,2.20
2019-10-14,24.4,15.0,1.00
2019-10-15,25.7,14.2,0.30
2019-10-16,23.9,15.2,4.70
2019-10-17,26.6,13.9,13.60
2019-10-18,25.1,16.6,14.10
2019-10-19,24.9,15.9,2.10
2019-10-20,25.8,14.6,2.70
2019-10-21,24.8,15.8,5.50
2019-10-22,24.9,15.6,14.30
2019-10-23,24.1,16.4,12.30
2019-10-24,23.5,15.1,4.20
2019-10-25,24.9,15.6,8.00
2019-10-26,27.0,16.3,3.60
2019-10-27,23.9,16.5,1.10
2019-10-28,28.0,15.0,0.90
2019-10-29,26.2,16.8,7.00
2019-10-30,26.1,15.8,4.60
2019-10-31,27.0,16.7,0.00
2019-11-01,26.2,17.2,11.50
2019-11-02,24.3,16.4,6.90
2019-11-03,25.9,16.1,4.20
2019-11-04,27.5,17.1,2.10
2019-11-05,25.3,16.3,1.80
2019-11-06,26.6,17.0,2.90
2019-11-07,27.6,16.1,0.00
2019-11-08,27.1,17.0,4.70
2019-11-09,20.9,16.1,7.00
2019-11-10,24.7,14.5,5.40
2019-11-11,26.1,15.4,6.40
2019-11-12,24.3,16.7,13.40
2019-11-13,23.6,15.0,12.60
2019-11-14,24.0,15.0,9.90
2019-11-15,24.4,16.1,6.40
2019-11-16,25.2,14.7,13.60
2019-11-17,24.9,15.5,2.20
2019-11-18,24.6,15.0,8.30
2019-11-19,25.0,15.0,23.80
2019-11-20,25.6,15.3,0.80
2019-11-21,25.3,15.9,9.60
2019-11-22,24.7,15.6,2.50
2019-11-23,25.1,14.6,0.70
2019-11-24,25.3,14.9,0.80
2019-11-25,27.4,15.5,0.00
2019-11-26,26.8,17.7,0.30
2019-11-27,27.1,16.6,0.40
2019-11-28,26.8,16.2,0.20
2019-11-29,24.5,16.5,8.50
2019-11-30,25.5,14.5,0.30
2019-12-01,27.4,16.0,0.10
2019-12-02,26.7,16.8,0.40
2019-12-03,25.7,16.9,0.50
2019-12-04,26.0,15.7,2.20
2019-12-05,26.3,15.0,1.10
2019-12-06,25.8,17.1,4.20
2019-12-07,24.8,15.6,5.80
2019-12-08,24.7,14.8,0.00
2019-12-09,27.3,14.8,0.40
2019-12-10,25.9,16.3,8.10
2019-12-11,23.9,15.2,2.40
2019-12-12,24.8,14.7,0.30
2019-12-13,23.7,15.3,1.40
2019-12-14,23.4,14.4,10.00
2019-12-15,24.4,14.8,1.90
2019-12-16,26.5,16.3,4.50
2019-12-17,24.8,16.5,10.20
2019-12-18,24.9,15.1,18.60
2019-12-19,26.4,15.9,0.50
2019-12-20,26.8,17.2,1.30
2019-12-21,26.4,16.6,3.80
2019-12-22,25.9,16.7,0.20
2019-12-23,25.6,16.0,0.10
2019-12-24,27.1,14.7,0.00
2019-12-25,27.0,17.4,0.50
2019-12-26,28.1,16.7,0.50
2019-12-27,27.1,16.7,0.00
2019-12-28,26.5,16.5,0.70
2019-12-29,26.4,17.7,1.10
2019-12-30,22.6,16.9,3.70
2019-12-31,24.4,16.8,18.70
2020-01-01,26.7,16.7,2.00
2020-01-02,26.9,15.9,0.70
2020-01-03,27.0,14.4,0.00
2020-01-04,27.4,16.1,0.10
2020-01-05,25.1,16.0,0.00
2020-01-06,26.1,15.5,0.00
2020-01-07,26.2,12.2,0.00
2020-01-08,25.8,13.9,0.20
2020-01-09,26.5,12.8,0.30
2020-01-10,26.1,14.9,0.00
2020-01-11,25.6,13.4,0.10
2020-01-12,26.5,13.6,0.00
2020-01-13,26.8,14.2,0.00
2020-01-14,26.7,15.4,0.20
2020-01-15,26.0,15.8,0.30
2020-01-16,26.6,16.0,0.20
2020-01-17,27.6,14.3,0.00
2020-01-18,27.9,13.4,0.00
2020-01-19,28.0,13.6,0.00
2020-01-20,25.1,17.0,12.60
2020-01-21,26.1,14.2,28.10
2020-01-22,23.8,15.8,1.70
2020-01-23,25.7,14.6,1.10
2020-01-24,26.1,15.4,1.10
2020-01-25,27.1,17.0,0.40
2020-01-26,27.7,16.6,1.90
2020-01-27,24.7,17.0,7.80
2020-01-28,24.4,16.7,17.00
2020-01-29,26.0,16.4,0.70
2020-01-30,26.6,14.9,0.00
2020-01-31,26.7,16.1,0.10
2020-02-01,27.3,16.8,0.30
2020-02-02,25.3,17.5,1.10
2020-02-03,27.0,16.6,0.40
2020-02-04,27.5,16.3,0.10
2020-02-05,27.5,15.1,0.00
2020-02-06,27.5,15.4,0.00
2020-02-07,28.3,16.1,0.70
2020-02-08,25.6,15.2,3.80
2020-02-09,25.6,14.0,0.80
2020-02-10,26.5,15.4,1.50
2020-02-11,27.8,15.6,0.00
2020-02-12,27.8,13.3,0.00
2020-02-13,27.2,16.2,0.60
2020-02-14,26.2,16.4,2.00
2020-02-15,26.3,16.4,0.80
2020-02-16,27.5,16.7,0.80
2020-02-17,27.3,17.3,0.70
2020-02-18,28.1,16.2,0.00
2020-02-19,29.2,12.7,0.00
2020-02-20,26.2,15.6,1.30
2020-02-21,27.8,16.4,9.00
2020-02-22,26.8,16.3,11.30
2020-02-23,24.9,17.8,1.90
2020-02-24,26.9,18.1,4.80
2020-02-25,26.2,17.2,12.50
2020-02-26,27.3,16.7,0.80
2020-02-27,26.5,15.3,0.80
2020-02-28,26.5,15.9,0.10
2020-02-29,26.6,17.1,1.60
2020-03-01,25.1,17.8,11.90
2020-03-02,27.3,17.7,2.30
2020-03-03,27.4,18.3,1.00
2020-03-04,27.3,17.1,0.70
2020-03-05,28.7,17.0,0.00
2020-03-06,28.4,17.4,0.50
2020-03-07,25.9,17.3,2.70
2020-03-08,25.6,17.7,4.10
2020-03-09,26.8,17.3,1.20
2020-03-10,26.1,16.8,8.10
2020-03-11,24.8,15.2,24.00
2020-03-12,26.0,16.7,6.40
2020-03-13,25.5,16.9,47.00
2020-03-14,25.0,16.2,2.20
2020-03-15,26.3,16.0,0.20
2020-03-16,26.4,15.7,0.30
2020-03-17,27.2,15.5,0.00
2020-03-18,28.0,14.2,0.00
2020-03-19,26.9,14.8,0.30
2020-03-20,24.8,14.4,2.80
2020-03-21,24.5,14.3,2.60
2020-03-22,26.9,12.7,0.90
2020-03-23,26.0,15.0,1.10
2020-03-24,25.3,14.5,5.50
2020-03-25,26.1,13.8,1.20
2020-03-26,25.8,14.6,5.30
2020-03-27,27.5,15.3,0.00
2020-03-28,26.9,16.6,0.50
2020-03-29,26.5,15.6,1.00
2020-03-30,26.4,15.2,2.90
2020-03-31,26.3,15.3,10.10
2020-04-01,25.3,17.1,11.10
2020-04-02,26.9,14.7,1.40
2020-04-03,27.1,17.5,1.20
2020-04-04,27.2,18.2,1.80
2020-04-05,27.8,17.5,1.10
2020-04-06,26.9,17.3,0.60
2020-04-07,28.1,17.0,1.00
2020-04-08,28.6,17.4,0.70
2020-04-09,27.3,17.8,0.50
2020-04-10,28.2,17.7,4.70
2020-04-11,27.3,17.0,0.80
2020-04-12,26.2,17.1,13.30
2020-04-13,25.8,16.7,5.30
2020-04-14,24.9,16.1,15.70
2020-04-15,25.5,15.7,5.30
2020-04-16,26.7,14.8,0.00
2020-04-17,25.0,15.7,1.00
2020-04-18,24.7,16.0,12.10
2020-04-19,25.3,15.9,10.30
2020-04-20,26.1,14.8,1.40
2020-04-21,24.1,15.5,14.50
2020-04-22,25.8,13.0,9.80
2020-04-23,26.5,16.9,1.20
2020-04-24,25.4,16.9,3.60
2020-04-25,26.2,16.3,2.40
2020-04-26,27.2,15.4,13.40
2020-04-27,28.0,16.7,0.50
2020-04-28,28.2,18.0,3.50
2020-04-29,24.7,17.5,12.90
2020-04-30,24.8,17.0,11.30
2020-05-01,25.4,17.1,5.70
2020-05-02,27.9,17.1,1.20
2020-05-03,26.2,16.7,2.20
2020-05-04,27.5,17.5,1.50
2020-05-05,28.3,16.3,3.90
2020-05-06,27.4,17.3,0.20
2020-05-07,27.0,17.4,1.10
2020-05-08,26.3,16.6,1.20
2020-05-09,27.7,15.5,0.30
2020-05-10,28.5,17.6,0.50
2020-05-11,25.9,17.8,3.00
2020-05-12,26.1,17.7,11.00
2020-05-13,24.1,17.5,4.90
2020-05-14,26.7,15.9,1.30
2020-05-15,26.6,17.5,2.60
2020-05-16,28.7,17.3,1.10
2020-05-17,27.0,17.3,0.30
2020-05-18,28.6,17.0,1.10
2020-05-19,25.8,17.4,10.80
2020-05-20,27.4,16.5,0.10
2020-05-21,28.0,16.4,0.40
2020-05-22,28.4,17.1,0.80
2020-05-23,28.4,16.7,0.20
2020-05-24,28.4,17.4,0.80
2020-05-25,29.0,17.5,0.90
2020-05-26,28.4,17.8,0.20
2020-05-27,26.3,17.2,10.80
2020-05-28,23.3,16.3,13.50
2020-05-29,24.5,17.1,20.50
2020-05-30,22.9,16.5,13.70
2020-05-31,24.5,15.8,13.10
2020-06-01,25.3,14.9,1.10
2020-06-02,25.2,14.7,12.10
2020-06-03,22.7,15.0,3.50
2020-06-04,26.8,15.7,0.50
2020-06-05,27.8,16.6,0.90
2020-06-06,26.7,16.0,0.10
2020-06-07,26.6,13.7,0.20
2020-06-08,27.0,14.4,0.00
2020-06-09,26.6,13.1,5.00
2020-06-10,20.7,15.1,6.30
2020-06-11,25.1,13.7,5.70
2020-06-12,24.7,17.1,13.60
2020-06-13,25.5,14.7,0.70
2020-06-14,26.8,16.5,0.50
2020-06-15,26.8,16.2,1.70
2020-06-16,27.2,16.8,0.30
2020-06-17,23.7,16.5,10.80
2020-06-18,26.4,14.3,13.00
2020-06-19,26.7,16.6,2.00
2020-06-20,26.6,16.3,0.50
2020-06-21,26.1,15.1,0.90
2020-06-22,26.7,16.2,0.10
2020-06-23,26.6,15.8,1.90
2020-06-24,25.6,15.8,0.30
2020-06-25,26.5,15.6,0.30
2020-06-26,25.7,15.9,3.50
2020-06-27,27.8,15.8,0.90
2020-06-28,21.5,15.7,3.60
2020-06-29,27.1,15.0,0.50
2020-06-30,26.2,16.1,8.70
2020-07-01,24.7,16.0,5.80
2020-07-02,25.8,15.9,3.10
2020-07-03,25.7,16.0,9.10
2020-07-04,25.6,15.7,15.80
2020-07-05,21.7,15.8,11.90
2020-07-06,26.1,15.3,2.10
2020-07-07,26.5,15.0,13.40
2020-07-08,25.0,14.8,17.60
2020-07-09,25.9,16.3,0.40
2020-07-10,25.7,16.2,3.30
2020-07-11,24.3,15.0,2.50
2020-07-12,24.5,15.5,14.30
2020-07-13,26.4,14.3,0.10
2020-07-14,25.6,15.8,0.10
2020-07-15,26.3,15.6,0.10
2020-07-16,25.8,14.8,15.90
2020-07-17,26.8,15.4,0.00
2020-07-18,27.1,15.6,0.30
2020-07-19,27.0,16.4,0.00
2020-07-20,27.6,16.9,3.90
2020-07-21,24.5,15.7,19.50
2020-07-22,23.9,16.2,3.40
2020-07-23,24.8,15.9,4.50
2020-07-24,24.2,15.5,4.80
2020-07-25,24.8,15.6,1.20
2020-07-26,26.2,15.4,10.50
2020-07-27,26.8,16.3,1.50
2020-07-28,26.8,16.3,2.80
2020-07-29,26.9,16.1,0.20
2020-07-30,27.3,17.1,8.90
2020-07-31,27.5,17.3,14.90
2020-08-01,27.4,15.5,0.00
2020-08-02,27.5,13.0,0.00
2020-08-03,27.4,14.5,0.20
2020-08-04,27.0,14.3,0.00
2020-08-05,26.9,14.1,0.80
2020-08-06,26.8,14.0,0.80
2020-08-07,27.1,16.2,0.30
2020-08-08,28.1,13.9,0.00
2020-08-09,28.1,13.3,0.60
2020-08-10,28.0,15.6,0.50
2020-08-11,27.7,16.3,3.80
2020-08-12,28.0,16.5,1.00
2020-08-13,28.2,17.1,2.00
2020-08-14,25.9,17.1,21.70
2020-08-15,22.8,16.1,7.20
2020-08-16,24.8,16.2,14.50
2020-08-17,22.5,16.6,1.50
2020-08-18,26.5,15.7,5.80
2020-08-19,24.2,16.3,2.60
2020-08-20,26.1,15.3,4.00
2020-08-21,25.3,16.8,5.10
2020-08-22,25.6,16.0,3.60
2020-08-23,25.2,16.1,21.00
2020-08-24,27.4,14.4,9.20
2020-08-25,24.3,15.8,17.90
2020-08-26,24.2,16.1,4.80
2020-08-27,25.1,15.9,0.80
2020-08-28,26.3,15.2,0.00
2020-08-29,24.8,15.1,9.40
2020-08-30,23.4,13.4,3.90
2020-08-31,25.1,13.3,3.70
2020-09-01,26.2,15.4,19.50
2020-09-02,22.9,16.5,28.30
2020-09-03,26.0,12.8,12.70
2020-09-04,25.4,16.9,23.10
2020-09-05,27.0,16.7,5.30
2020-09-06,27.5,16.3,1.20
2020-09-07,25.1,15.7,9.80
2020-09-08,21.0,14.5,9.30
2020-09-09,25.6,13.9,0.50
2020-09-10,26.4,15.7,0.60
2020-09-11,27.2,16.5,16.90
2020-09-12,25.7,15.5,16.10
2020-09-13,26.3,15.8,1.20
2020-09-14,26.4,16.2,0.30
2020-09-15,25.7,16.3,6.00
2020-09-16,25.0,15.1,7.30
2020-09-17,24.4,15.4,16.00
2020-09-18,24.5,15.4,7.50
2020-09-19,26.5,14.7,18.60
2020-09-20,24.7,16.4,9.80
2020-09-21,27.4,16.9,22.80
2020-09-22,28.1,16.0,0.70
2020-09-23,27.1,15.5,3.80
2020-09-24,27.0,16.1,3.40
2020-09-25,26.1,15.8,0.10
2020-09-26,26.1,15.4,9.60
2020-09-27,25.5,14.6,13.30
2020-09-28,26.1,15.0,3.40
2020-09-29,27.1,15.8,10.50
2020-09-30,26.0,15.0,0.60
2020-10-01,26.6,14.9,0.40
2020-10-02,24.0,15.3,7.00
2020-10-03,24.1,15.3,24.80
2020-10-04,24.2,15.6,19.20
2020-10-05,27.2,14.7,5.30
2020-10-06,24.7,15.6,3.00
2020-10-07,25.9,16.1,4.90
2020-10-08,26.0,15.2,1.50
2020-10-09,26.8,15.1,2.70
2020-10-10,26.8,14.4,0.10
2020-10-11,27.7,15.7,5.40
2020-10-12,26.6,16.3,2.30
2020-10-13,22.3,14.4,7.80
2020-10-14,25.0,13.3,1.00
2020-10-15,26.4,15.4,0.40
2020-10-16,27.2,16.3,0.00
2020-10-17,26.7,16.8,1.20
2020-10-18,26.4,15.9,8.60
2020-10-19,19.9,14.8,8.40
2020-10-20,26.2,12.8,7.50
2020-10-21,26.3,16.6,6.20
2020-10-22,26.5,17.1,1.30
2020-10-23,26.6,17.4,11.00
2020-10-24,21.6,15.3,9.40
2020-10-25,26.2,14.9,14.90
2020-10-26,26.6,16.3,1.70
2020-10-27,26.4,16.2,12.60
2020-10-28,24.7,16.4,1.40
2020-10-29,26.0,15.6,1.40
2020-10-30,24.1,16.2,4.20
2020-10-31,20.9,15.6,12.60
2020-11-01,24.2,16.7,9.20
2020-11-02,25.6,14.1,0.10
2020-11-03,24.9,14.0,5.70
2020-11-04,25.8,17.0,29.70
2020-11-05,23.8,15.6,0.80
2020-11-06,24.5,16.7,11.80
2020-11-07,25.5,14.7,9.10
2020-11-08,25.2,15.3,7.60
2020-11-09,24.3,16.8,11.10
2020-11-10,24.3,16.3,16.50
2020-11-11,21.8,16.2,9.60
2020-11-12,25.3,14.6,10.40
2020-11-13,24.5,15.0,6.60
2020-11-14,22.8,16.3,19.20
2020-11-15,25.0,13.4,1.10
2020-11-16,24.8,14.6,34.30
2020-11-17,21.4,16.3,8.80
2020-11-18,24.9,15.1,12.10
2020-11-19,23.8,16.2,4.90
2020-11-20,24.7,15.3,9.50
2020-11-21,24.7,14.9,5.70
2020-11-22,25.0,14.6,11.20
2020-11-23,25.9,15.6,18.20
2020-11-24,25.9,15.8,10.20
2020-11-25,24.8,16.8,8.60
2020-11-26,24.7,16.2,2.80
2020-11-27,24.1,15.1,8.40
2020-11-28,25.1,15.4,18.80
2020-11-29,27.1,14.3,5.50
2020-11-30,25.7,15.8,12.10
2020-12-01,23.6,14.4,1.90
2020-12-02,25.7,16.1,10.10
2020-12-03,25.3,16.2,10.20
2020-12-04,26.0,15.9,1.40
2020-12-05,26.0,15.3,2.90
2020-12-06,25.9,15.8,0.40
2020-12-07,25.6,16.5,1.00
2020-12-08,25.5,17.4,1.30
2020-12-09,24.5,16.3,0.30
2020-12-10,25.5,14.9,0.30
2020-12-11,26.1,15.6,1.80
2020-12-12,24.8,16.7,6.50
2020-12-13,25.3,14.1,8.30
2020-12-14,26.5,15.5,0.60
2020-12-15,24.2,15.5,1.50
2020-12-16,24.9,15.8,8.30
2020-12-17,25.1,15.7,1.60
2020-12-18,24.9,16.7,10.30
2020-12-19,24.4,16.2,2.60
2020-12-20,24.7,15.3,1.30
2020-12-21,24.4,14.9,7.20
2020-12-22,24.8,16.3,4.80
2020-12-23,25.6,15.9,0.60
2020-12-24,24.8,16.4,6.40
2020-12-25,24.3,15.8,13.50
2020-12-26,23.3,14.8,4.20
2020-12-27,22.6,14.8,6.10
2020-12-28,24.8,16.0,4.30
2020-12-29,24.9,14.8,0.70
2020-12-30,26.0,15.8,0.80
2020-12-31,26.3,14.7,0.60
2021-01-01,24.9,14.9,5.50
2021-01-02,25.5,15.0,1.50
2021-01-03,24.1,15.8,1.30
2021-01-04,25.9,13.9,0.00
2021-01-05,25.7,15.3,0.70
2021-01-06,23.8,15.7,8.10
2021-01-07,25.3,15.9,22.50
2021-01-08,23.6,15.0,12.00
2021-01-09,25.1,13.8,1.70
2021-01-10,25.8,16.2,0.80
2021-01-11,24.3,15.3,18.70
2021-01-12,26.1,13.6,0.00
2021-01-13,27.0,15.0,0.00
2021-01-14,26.5,16.8,12.80
2021-01-15,25.2,16.7,3.40
2021-01-16,26.0,14.8,2.10
2021-01-17,25.7,14.8,0.20
2021-01-18,25.5,15.8,1.00
2021-01-19,25.9,14.4,0.20
2021-01-20,26.7,16.5,0.10
2021-01-21,25.9,16.5,0.00
2021-01-22,26.6,15.6,1.80
2021-01-23,25.0,16.4,3.60
2021-01-24,25.8,15.9,0.40
2021-01-25,25.6,16.7,0.30
2021-01-26,25.8,16.6,0.10
2021-01-27,26.9,13.5,0.20
2021-01-28,24.4,16.3,1.50
2021-01-29,26.7,15.2,0.00
2021-01-30,26.3,15.6,0.10
2021-01-31,26.2,15.1,0.00
2021-02-01,25.7,13.9,0.30
2021-02-02,27.0,15.6,2.00
2021-02-03,25.7,16.9,1.00
2021-02-04,26.7,16.3,0.10
2021-02-05,27.0,16.4,0.30
2021-02-06,26.7,16.5,0.30
2021-02-07,27.2,17.0,3.80
2021-02-08,25.2,16.6,3.80
2021-02-09,26.3,16.7,8.90
2021-02-10,25.4,16.1,8.50
2021-02-11,26.3,14.3,0.30
2021-02-12,25.0,15.0,4.90
2021-02-13,23.4,14.1,1.60
2021-02-14,24.5,16.0,6.90
2021-02-15,26.9,15.4,0.00
2021-02-16,25.6,14.4,0.90
2021-02-17,25.0,14.0,0.80
2021-02-18,24.8,15.2,15.60
2021-02-19,21.1,15.9,1.30
2021-02-20,25.6,14.5,1.50
2021-02-21,22.6,14.9,6.00
2021-02-22,24.5,15.9,11.50
2021-02-23,25.2,15.4,2.60
2021-02-24,26.4,17.1,1.10
2021-02-25,26.5,16.4,0.80
2021-02-26,26.1,16.9,2.20
2021-02-27,25.3,16.1,2.20
2021-02-28,25.2,15.8,8.90
2021-03-01,24.7,15.7,11.50
2021-03-02,24.8,15.7,8.10
2021-03-03,24.1,14.7,7.50
2021-03-04,24.8,15.1,2.70
2021-03-05,24.3,15.0,7.70
2021-03-06,24.1,15.2,2.30
2021-03-07,24.9,15.8,26.00
2021-03-08,24.6,16.7,13.50
2021-03-09,24.8,15.6,9.10
2021-03-10,23.7,15.1,7.60
2021-03-11,23.3,15.5,18.20
2021-03-12,22.2,15.5,2.50
2021-03-13,23.7,13.9,3.80
2021-03-14,24.2,14.2,8.00
2021-03-15,25.1,15.2,9.50
2021-03-16,25.3,14.5,1.70
2021-03-17,23.4,14.7,6.40
2021-03-18,25.3,14.7,23.20
2021-03-19,24.3,14.6,1.20
2021-03-20,22.1,15.5,6.90
2021-03-21,25.1,14.0,8.30
2021-03-22,21.6,15.5,6.20
2021-03-23,24.2,14.6,11.60
2021-03-24,25.4,15.4,21.50
2021-03-25,25.6,15.8,3.40
2021-03-26,26.6,16.1,2.60
2021-03-27,23.3,16.1,7.10
2021-03-28,24.5,15.6,5.30
2021-03-29,26.8,15.4,0.70
2021-03-30,26.5,16.1,0.50
2021-03-31,25.6,16.3,0.00
2021-04-01,24.1,16.3,6.50
2021-04-02,25.2,14.0,30.70
2021-04-03,24.2,16.5,2.90
2021-04-04,25.6,16.4,3.60
2021-04-05,25.8,16.0,6.80
2021-04-06,25.7,16.9,3.90
2021-04-07,26.4,16.1,0.10
2021-04-08,27.1,15.9,4.60
2021-04-09,23.0,16.8,19.40
2021-04-10,25.7,15.9,10.10
2021-04-11,24.5,15.9,1.70
2021-04-12,27.0,15.0,0.20
2021-04-13,27.7,14.5,0.50
2021-04-14,26.5,16.7,1.40
2021-04-15,26.8,16.5,0.10
2021-04-16,25.5,16.9,16.60
2021-04-17,26.9,15.8,0.10
2021-04-18,25.3,16.5,6.90
2021-04-19,25.4,15.6,0.40
2021-04-20,26.2,13.9,3.20
2021-04-21,23.9,15.6,5.70
2021-04-22,26.6,15.7,2.90
2021-04-23,23.1,16.1,5.90
2021-04-24,26.1,14.0,1.30
2021-04-25,25.8,16.2,9.60
2021-04-26,26.6,16.7,0.80
2021-04-27,23.7,16.6,27.70
2021-04-28,24.2,15.6,23.80
2021-04-29,23.0,14.8,5.90
2021-04-30,21.5,13.8,9.60
2021-05-01,22.7,12.2,6.80
2021-05-02,24.6,13.5,17.30
2021-05-03,23.5,15.5,13.30
2021-05-04,23.1,16.1,10.90
2021-05-05,25.0,15.5,14.70
2021-05-06,23.5,14.6,8.20
2021-05-07,25.9,13.8,1.90
2021-05-08,24.3,16.4,9.90
2021-05-09,26.9,15.3,0.90
2021-05-10,25.2,16.1,0.00
2021-05-11,25.9,14.0,0.00
2021-05-12,27.0,14.5,0.50
2021-05-13,27.6,17.1,0.40
2021-05-14,27.1,16.7,0.80
2021-05-15,26.7,16.4,5.50
2021-05-16,24.8,16.4,4.40
2021-05-17,24.8,16.1,11.60
2021-05-18,22.6,16.2,14.00
2021-05-19,26.9,17.0,0.60
2021-05-20,27.0,16.8,0.20
2021-05-21,26.7,16.5,0.90
2021-05-22,27.1,17.2,0.50
2021-05-23,25.1,14.6,1.50
2021-05-24,27.0,16.8,1.60
2021-05-25,27.2,16.8,1.50
2021-05-26,27.4,17.3,0.50
2021-05-27,26.0,16.1,0.80
2021-05-28,22.9,15.9,16.20
2021-05-29,22.3,16.8,6.50
2021-05-30,25.1,16.1,6.00
2021-05-31,24.6,16.8,19.20
2021-06-01,24.5,15.7,12.40
2021-06-02,25.9,15.6,6.00
2021-06-03,25.9,16.2,4.50
2021-06-04,25.3,16.3,3.70
2021-06-05,26.5,16.8,0.10
2021-06-06,24.1,17.5,13.20
2021-06-07,23.3,15.3,8.00
2021-06-08,25.1,14.9,15.40
2021-06-09,22.3,15.0,10.20
2021-06-10,25.0,14.2,6.20
2021-06-11,25.2,15.9,14.50
2021-06-12,25.2,15.4,9.50
2021-06-13,24.7,14.8,10.50
2021-06-14,23.0,15.6,13.00
2021-06-15,24.5,15.9,2.90
2021-06-16,26.1,15.2,0.20
2021-06-17,25.9,15.3,6.60
2021-06-18,26.1,15.3,0.80
2021-06-19,25.9,15.5,0.00
2021-06-20,26.5,14.4,0.60
2021-06-21,26.8,14.6,1.00
2021-06-22,23.9,16.3,20.90
2021-06-23,25.7,15.4,1.60
2021-06-24,24.7,15.8,13.90
2021-06-25,25.1,13.2,7.20
2021-06-26,23.1,15.9,3.80
2021-06-27,23.2,15.0,21.40
2021-06-28,26.3,15.0,0.10
2021-06-29,26.1,15.9,0.00
2021-06-30,26.1,15.8,15.60
2021-07-01,25.4,15.4,19.10
2021-07-02,25.7,15.5,1.00
2021-07-03,26.2,15.4,1.20
2021-07-04,25.7,14.1,0.70
2021-07-05,25.5,14.5,0.00
2021-07-06,26.3,14.6,0.20
2021-07-07,27.0,15.1,1.40
2021-07-08,26.5,15.3,0.10
2021-07-09,25.7,16.3,0.50
2021-07-10,22.9,15.3,12.10
2021-07-11,24.0,15.3,4.20
2021-07-12,26.7,14.3,0.20
2021-07-13,26.4,14.9,0.00
2021-07-14,26.2,14.1,0.10
2021-07-15,26.8,14.5,0.40
2021-07-16,27.0,17.5,2.20
2021-07-17,26.1,15.5,0.80
2021-07-18,26.4,14.8,0.10
2021-07-19,26.1,13.2,0.00
2021-07-20,26.5,13.9,0.00
2021-07-21,26.3,13.5,0.10
2021-07-22,26.8,14.9,0.00
2021-07-23,27.7,16.1,0.20
2021-07-24,23.3,16.9,5.00
2021-07-25,23.4,15.3,6.00
2021-07-26,25.6,13.0,1.00
2021-07-27,22.8,15.8,2.40
2021-07-28,24.2,15.5,2.00
2021-07-29,27.4,14.4,5.50
2021-07-30,26.5,15.4,1.00
2021-07-31,26.8,16.2,0.00
2021-08-01,27.9,14.9,0.60
2021-08-02,26.6,13.6,0.00
2021-08-03,25.7,14.8,5.60
2021-08-04,27.1,15.8,0.00
2021-08-05,27.5,13.8,0.00
2021-08-06,27.0,12.9,0.00
2021-08-07,27.2,13.9,15.40
2021-08-08,24.4,15.7,7.20
2021-08-09,27.0,15.6,9.40
2021-08-10,26.7,16.6,5.70
2021-08-11,26.2,15.6,2.70
2021-08-12,26.8,15.8,4.20
2021-08-13,25.0,15.0,18.00
2021-08-14,23.9,16.3,22.90
2021-08-15,26.1,15.4,6.40
2021-08-16,24.7,16.5,25.00
2021-08-17,24.3,16.2,14.00
2021-08-18,24.5,15.7,12.30
2021-08-19,22.7,16.0,5.00
2021-08-20,23.3,15.1,8.40
2021-08-21,26.2,15.0,0.90
2021-08-22,26.3,16.5,1.20
2021-08-23,26.6,16.4,8.40
2021-08-24,25.6,15.8,11.00
2021-08-25,23.1,15.2,8.90
2021-08-26,24.7,15.9,1.00
2021-08-27,25.4,15.3,2.10
2021-08-28,27.0,16.7,0.30
2021-08-29,27.1,16.6,2.10
2021-08-30,24.6,15.3,17.60
2021-08-31,22.8,16.0,14.80
2021-09-01,23.9,15.8,1.20
2021-09-02,26.9,16.3,0.50
2021-09-03,26.3,15.9,1.20
2021-09-04,26.8,16.2,0.50
2021-09-05,23.2,15.9,7.10
2021-09-06,25.1,14.6,19.20
2021-09-07,26.0,14.6,22.40
2021-09-08,24.2,16.5,20.70
2021-09-09,26.8,16.3,0.20
2021-09-10,27.1,16.1,3.70
2021-09-11,25.9,14.8,1.40
2021-09-12,25.2,14.9,1.80
2021-09-13,25.8,15.3,0.20
2021-09-14,25.9,15.6,7.70
2021-09-15,25.0,14.3,0.30
2021-09-16,26.0,14.5,0.30
2021-09-17,26.3,13.0,0.00
2021-09-18,27.0,14.3,0.20
2021-09-19,24.8,13.6,6.80
2021-09-20,25.9,14.2,1.40
2021-09-21,25.5,16.7,1.70
2021-09-22,24.8,16.2,28.10
2021-09-23,24.0,16.1,10.00
2021-09-24,26.1,16.9,1.10
2021-09-25,26.4,15.1,4.60
2021-09-26,27.6,14.3,0.00
2021-09-27,27.6,14.4,1.80
2021-09-28,23.9,14.6,11.00
2021-09-29,24.8,12.8,25.50
2021-09-30,22.3,15.5,2.50
2021-10-01,26.1,13.3,1.00
2021-10-02,26.2,16.1,1.70
2021-10-03,27.0,15.6,0.80
2021-10-04,26.6,16.4,0.80
2021-10-05,27.1,16.2,14.20
2021-10-06,25.9,17.2,9.70
2021-10-07,26.9,16.2,1.10
2021-10-08,24.4,17.2,5.10
2021-10-09,23.1,16.3,8.10
2021-10-10,24.7,16.3,13.90
2021-10-11,24.3,15.4,3.90
2021-10-12,25.9,15.2,19.30
2021-10-13,24.8,13.9,11.30
2021-10-14,27.3,16.7,7.90
2021-10-15,26.2,15.0,6.40
2021-10-16,26.4,15.6,6.20
2021-10-17,25.7,15.2,12.80
2021-10-18,26.3,15.5,0.40
2021-10-19,26.2,15.8,7.10
2021-10-20,24.7,14.1,15.30
2021-10-21,26.0,15.3,9.80
2021-10-22,24.1,13.5,4.30
2021-10-23,25.2,14.4,13.70
2021-10-24,25.8,12.9,2.10
2021-10-25,26.2,16.1,8.90
2021-10-26,26.4,14.8,11.20
2021-10-27,24.1,15.1,14.70
2021-10-28,26.3,14.3,18.60
2021-10-29,22.9,14.4,9.00
2021-10-30,24.8,12.6,11.10
2021-10-31,24.8,15.2,3.20
2021-11-01,23.4,13.8,18.10
2021-11-02,24.2,13.2,11.40
2021-11-03,24.2,14.3,12.10
2021-11-04,24.9,13.6,8.10
2021-11-05,25.7,15.3,4.50
2021-11-06,25.6,15.0,0.20
2021-11-07,26.9,15.6,0.20
2021-11-08,25.1,14.4,15.00
2021-11-09,25.0,15.0,6.70
2021-11-10,25.4,14.1,8.60
2021-11-11,26.1,12.6,0.00
2021-11-12,26.0,11.4,0.40
2021-11-13,26.2,16.0,8.00
2021-11-14,24.4,15.4,10.50
2021-11-15,24.7,15.8,8.60
2021-11-16,24.5,14.5,1.30
2021-11-17,26.5,14.1,0.70
2021-11-18,26.0,13.7,0.40
2021-11-19,25.3,13.0,0.10
2021-11-20,25.4,14.2,4.30
2021-11-21,25.1,15.9,5.60
2021-11-22,24.2,15.6,11.00
2021-11-23,23.2,15.0,8.70
2021-11-24,21.6,16.0,5.60
2021-11-25,24.2,15.0,10.20
2021-11-26,22.4,14.0,18.70
2021-11-27,25.9,13.7,0.80
2021-11-28,27.5,16.0,2.30
2021-11-29,25.2,15.0,6.30
2021-11-30,25.3,15.2,7.10
2021-12-01,25.6,14.9,1.60
2021-12-02,26.1,15.7,0.40
2021-12-03,25.4,15.7,3.00
2021-12-04,25.0,15.6,1.60
2021-12-05,25.7,15.9,0.30
2021-12-06,25.3,17.1,5.90
2021-12-07,26.7,16.1,0.70
2021-12-08,26.6,16.5,1.20
2021-12-09,25.4,15.8,1.30
2021-12-10,25.7,14.7,1.80
2021-12-11,25.5,14.8,0.40
2021-12-12,19.8,15.0,3.70
2021-12-13,24.4,12.7,0.10
2021-12-14,25.2,14.2,2.00
2021-12-15,26.6,15.2,3.90
2021-12-16,26.4,15.8,0.60
2021-12-17,24.6,15.9,6.40
2021-12-18,23.3,15.1,3.10
2021-12-19,25.9,14.7,3.20
2021-12-20,26.0,13.5,3.40
2021-12-21,23.9,14.1,0.20
2021-12-22,25.7,14.5,8.70
2021-12-23,25.3,13.8,0.70
2021-12-24,25.5,16.1,2.10
2021-12-25,26.4,16.3,2.40
2021-12-26,25.8,15.0,5.80
2021-12-27,24.6,15.7,5.80
2021-12-28,26.1,15.6,5.60
2021-12-29,22.4,15.0,3.30
2021-12-30,26.5,14.9,3.80
2021-12-31,24.2,16.2,2.60
2022-01-01,25.9,14.4,14.90
2022-01-02,26.1,15.9,9.40
2022-01-03,25.3,15.5,0.20
2022-01-04,25.5,14.1,0.00
2022-01-05,27.0,13.6,0.00
2022-01-06,24.5,14.9,10.70
2022-01-07,21.5,16.3,3.80
2022-01-08,25.1,15.2,6.40
2022-01-09,24.2,13.8,1.00
2022-01-10,22.5,14.6,1.80
2022-01-11,22.9,16.4,3.70
2022-01-12,22.9,15.9,2.20
2022-01-13,24.6,14.0,10.00
2022-01-14,23.6,13.4,0.50
2022-01-15,25.0,14.7,0.00
2022-01-16,25.3,14.1,0.20
2022-01-17,24.4,15.6,1.90
2022-01-18,23.3,15.7,1.40
2022-01-19,26.1,16.2,0.20
2022-01-20,26.7,15.6,0.00
2022-01-21,26.0,15.8,0.10
2022-01-22,24.7,14.9,4.50
2022-01-23,25.4,14.3,0.30
2022-01-24,25.2,15.3,5.50
2022-01-25,24.1,15.7,8.70
2022-01-26,25.4,13.6,0.30
2022-01-27,24.6,14.7,2.60
2022-01-28,25.6,14.0,0.10
2022-01-29,26.0,11.6,0.00
2022-01-30,25.2,10.3,0.00
2022-01-31,25.9,13.2,0.00
2022-02-01,26.6,11.8,0.00
2022-02-02,26.8,15.1,0.00
2022-02-03,26.9,15.7,0.60
2022-02-04,24.4,15.6,7.30
2022-02-05,25.1,14.3,11.00
2022-02-06,24.9,13.2,11.50
2022-02-07,24.8,14.2,9.60
2022-02-08,24.6,12.6,11.00
2022-02-09,24.2,15.3,12.40
2022-02-10,25.2,13.8,2.80
2022-02-11,26.2,15.4,0.00
2022-02-12,26.0,14.9,0.10
2022-02-13,24.8,16.0,8.60
2022-02-14,23.7,14.7,6.90
2022-02-15,24.7,14.3,1.50
2022-02-16,25.2,15.2,4.10
2022-02-17,26.7,15.9,13.60
2022-02-18,25.2,16.0,15.30
2022-02-19,24.3,15.5,9.90
2022-02-20,24.2,14.0,2.30
2022-02-21,25.5,14.1,2.10
2022-02-22,25.8,13.5,1.60
2022-02-23,25.6,15.1,5.80
2022-02-24,25.8,14.7,4.70
2022-02-25,24.7,13.1,3.80
2022-02-26,23.6,15.3,18.00
2022-02-27,24.2,14.3,24.80
2022-02-28,21.8,15.0,2.90
2022-03-01,24.7,14.7,3.40
2022-03-02,23.3,15.2,7.60
2022-03-03,25.7,14.4,7.90
2022-03-04,24.4,15.0,19.40
2022-03-05,23.2,15.6,21.60
2022-03-06,23.1,15.5,15.20
2022-03-07,23.8,14.1,1.40
2022-03-08,25.1,13.4,2.00
2022-03-09,24.7,11.1,1.40
2022-03-10,25.6,14.1,5.80
2022-03-11,24.9,13.6,0.70
2022-03-12,25.5,13.5,1.80
2022-03-13,24.8,13.2,6.00
2022-03-14,26.0,14.4,5.50
2022-03-15,25.9,13.5,7.40
2022-03-16,24.9,14.9,5.40
2022-03-17,27.4,14.7,3.90
2022-03-18,25.2,15.9,1.70
2022-03-19,25.0,16.2,6.10
2022-03-20,26.7,15.6,5.10
2022-03-21,27.3,14.4,4.00
2022-03-22,25.1,16.0,7.70
2022-03-23,25.7,15.9,4.20
2022-03-24,27.4,15.3,6.20
2022-03-25,24.9,15.0,3.40
2022-03-26,25.7,15.6,10.40
2022-03-27,25.6,15.4,11.80
2022-03-28,25.2,14.4,0.50
2022-03-29,25.1,15.3,13.00
2022-03-30,27.0,13.9,12.00
2022-03-31,24.6,15.5,20.40
2022-04-01,26.1,16.1,10.60
2022-04-02,27.2,15.6,0.70
2022-04-03,26.5,16.1,14.10
2022-04-04,26.4,14.8,11.70
2022-04-05,26.9,14.4,2.20
2022-04-06,28.3,16.4,6.10
2022-04-07,23.7,16.4,11.00
2022-04-08,24.9,16.1,8.00
2022-04-09,26.3,15.9,10.40
2022-04-10,25.7,15.1,2.30
2022-04-11,27.0,15.9,12.80
2022-04-12,27.7,16.5,0.60
2022-04-13,27.3,16.6,0.00
2022-04-14,26.6,16.8,5.20
2022-04-15,27.3,16.7,0.60
2022-04-16,24.8,17.1,14.10
2022-04-17,25.0,15.2,17.90
2022-04-18,25.5,14.5,13.40
2022-04-19,20.3,16.5,20.90
2022-04-20,24.3,14.5,2.70
2022-04-21,22.9,14.5,8.60
2022-04-22,21.8,15.5,11.10
2022-04-23,24.0,15.0,3.40
2022-04-24,25.1,15.0,20.60
2022-04-25,23.0,15.2,3.30
2022-04-26,25.5,14.7,9.30
2022-04-27,25.0,13.1,6.80
2022-04-28,25.4,15.2,10.20
2022-04-29,25.8,15.4,0.80
2022-04-30,27.2,16.0,2.40
2022-05-01,27.0,15.1,0.60
2022-05-02,26.5,15.6,0.60
2022-05-03,27.2,13.5,0.00
2022-05-04,27.5,15.4,0.60
2022-05-05,24.1,15.6,10.70
2022-05-06,24.7,15.8,23.40
2022-05-07,24.4,16.6,12.10
2022-05-08,26.5,13.7,10.70
2022-05-09,26.1,16.2,9.20
2022-05-10,25.7,14.8,10.60
2022-05-11,24.7,14.9,17.80
2022-05-12,26.1,15.4,3.50
2022-05-13,26.4,15.2,7.90
2022-05-14,25.5,16.3,9.30
2022-05-15,27.6,16.5,1.50
2022-05-16,27.5,16.2,6.60
2022-05-17,25.9,15.7,15.80
2022-05-18,23.3,15.4,4.30
2022-05-19,26.8,13.9,16.00
2022-05-20,25.2,15.2,19.20
2022-05-21,25.5,14.7,11.80
2022-05-22,27.5,12.3,2.40
2022-05-23,23.8,15.3,12.60
2022-05-24,25.6,14.6,4.00
2022-05-25,25.7,15.4,0.40
2022-05-26,25.6,14.9,0.80
2022-05-27,25.8,15.3,0.00
2022-05-28,26.3,14.9,0.20
2022-05-29,25.7,14.2,1.20
2022-05-30,26.0,14.6,2.90
2022-05-31,25.1,13.8,1.60
2022-06-01,25.6,14.3,15.30
2022-06-02,24.6,13.9,23.70
2022-06-03,22.6,14.7,4.00
2022-06-04,23.6,13.1,15.20
2022-06-05,23.7,13.1,17.40
2022-06-06,25.0,15.2,15.70
2022-06-07,22.6,13.7,3.80
2022-06-08,24.0,12.7,17.80
2022-06-09,24.3,14.5,14.60
2022-06-10,25.9,13.0,1.50
2022-06-11,22.3,14.9,3.00
2022-06-12,24.7,15.0,3.60
2022-06-13,25.0,15.6,15.90
2022-06-14,23.9,14.5,29.90
2022-06-15,23.2,14.5,15.10
2022-06-16,26.1,15.5,2.40
2022-06-17,22.6,14.6,12.70
2022-06-18,25.0,13.9,6.60
2022-06-19,23.4,14.7,9.30
2022-06-20,24.4,15.0,10.10
2022-06-21,25.2,14.3,14.10
2022-06-22,26.2,14.0,0.60
2022-06-23,25.9,15.7,2.70
2022-06-24,25.5,15.1,7.10
2022-06-25,23.7,14.5,21.10
2022-06-26,24.5,15.4,6.20
2022-06-27,24.5,13.6,13.80
2022-06-28,25.1,13.9,15.70
2022-06-29,24.9,15.0,12.40
2022-06-30,24.8,15.0,16.60
2022-07-01,26.0,14.1,3.50
2022-07-02,26.1,15.4,1.80
2022-07-03,26.0,15.8,0.60
2022-07-04,26.5,15.4,0.20
2022-07-05,26.4,14.3,0.30
2022-07-06,25.9,15.4,0.40
2022-07-07,27.1,16.0,0.40
2022-07-08,25.8,16.3,0.40
2022-07-09,26.8,12.9,0.20
2022-07-10,26.7,14.4,0.30
2022-07-11,23.2,15.6,8.40
2022-07-12,25.8,14.0,7.30
2022-07-13,26.0,13.1,0.40
2022-07-14,26.1,15.8,6.40
2022-07-15,25.2,13.8,0.30
2022-07-16,26.5,15.0,2.50
2022-07-17,26.4,14.7,0.80
2022-07-18,25.9,15.2,0.00
2022-07-19,26.5,14.2,0.10
2022-07-20,26.5,15.3,0.70
2022-07-21,26.0,15.5,1.20
2022-07-22,26.0,15.6,3.20
2022-07-23,23.6,14.9,5.40
2022-07-24,24.9,14.6,10.80
2022-07-25,23.5,15.7,21.30
2022-07-26,23.8,13.8,3.50
2022-07-27,24.7,14.8,16.40
2022-07-28,24.7,15.3,11.80
2022-07-29,25.8,15.2,0.50
2022-07-30,26.9,14.7,0.70
2022-07-31,26.5,15.0,0.50
2022-08-01,26.0,16.1,3.00
2022-08-02,24.9,16.2,3.70
2022-08-03,25.8,15.7,0.50
2022-08-04,26.0,15.3,0.70
2022-08-05,26.4,14.9,4.70
2022-08-06,25.4,14.9,4.90
2022-08-07,26.6,14.2,0.00
2022-08-08,26.6,15.5,0.30
2022-08-09,26.6,15.8,5.50
2022-08-10,26.4,13.3,0.10
2022-08-11,26.6,13.9,0.00
2022-08-12,26.0,13.8,0.50
2022-08-13,25.2,14.6,14.20
2022-08-14,25.9,14.9,2.40
2022-08-15,25.7,15.6,7.50
2022-08-16,24.2,13.9,1.40
2022-08-17,25.8,15.8,15.90
2022-08-18,26.8,16.0,0.90
2022-08-19,26.8,16.1,0.20
2022-08-20,26.8,15.7,16.50
2022-08-21,26.0,15.4,1.20
2022-08-22,24.5,15.1,12.70
2022-08-23,25.9,14.4,0.10
2022-08-24,26.9,13.7,0.00
2022-08-25,26.5,15.4,0.30
2022-08-26,26.1,15.1,5.20
2022-08-27,25.2,15.2,14.80
2022-08-28,23.0,14.2,13.30
2022-08-29,25.5,14.6,1.20
2022-08-30,26.8,14.3,1.20
2022-08-31,26.0,15.7,1.10
2022-09-01,25.4,14.9,14.80
2022-09-02,25.5,14.2,1.60
2022-09-03,27.3,15.5,0.40
2022-09-04,26.9,15.5,5.80
2022-09-05,26.4,15.1,0.20
2022-09-06,26.4,14.4,0.70
2022-09-07,26.9,16.2,1.40
2022-09-08,26.8,13.6,7.80
2022-09-09,26.0,14.7,2.30
2022-09-10,26.7,15.2,0.10
2022-09-11,27.1,14.9,0.20
2022-09-12,26.4,15.2,10.50
2022-09-13,27.0,13.2,8.10
2022-09-14,25.3,14.6,10.30
2022-09-15,26.9,14.6,0.80
2022-09-16,26.5,15.2,13.20
2022-09-17,26.3,14.6,13.10
2022-09-18,25.1,16.2,6.00
2022-09-19,23.4,15.0,4.50
2022-09-20,25.3,14.5,19.30
2022-09-21,24.8,14.3,14.60
2022-09-22,24.5,15.2,9.30
2022-09-23,27.2,15.0,12.40
2022-09-24,26.7,14.4,21.30
2022-09-25,26.7,14.2,12.30
2022-09-26,26.4,16.1,0.60
2022-09-27,26.9,16.1,0.40
2022-09-28,26.4,14.6,4.30
2022-09-29,24.5,13.1,17.30
2022-09-30,24.5,13.2,16.20
2022-10-01,24.1,14.8,6.80
2022-10-02,25.5,14.6,0.00
2022-10-03,26.5,15.0,0.00
2022-10-04,27.2,16.2,8.40
2022-10-05,25.0,15.5,8.90
2022-10-06,26.6,15.5,9.30
2022-10-07,25.2,13.5,19.90
2022-10-08,23.5,15.3,20.60
2022-10-09,25.4,14.7,2.10
2022-10-10,26.0,15.6,2.60
2022-10-11,26.4,14.3,0.00
2022-10-12,26.3,13.1,0.40
2022-10-13,25.6,12.9,14.00
2022-10-14,23.7,14.1,11.50
2022-10-15,25.8,15.7,7.30
2022-10-16,26.6,16.1,0.80
2022-10-17,24.0,15.6,9.00
2022-10-18,24.1,14.2,6.50
2022-10-19,26.0,14.0,9.50
2022-10-20,23.2,15.8,6.40
2022-10-21,23.8,14.6,9.90
2022-10-22,24.3,15.5,11.10
2022-10-23,25.7,13.7,15.40
2022-10-24,24.1,15.0,26.00
2022-10-25,24.8,14.4,3.30
2022-10-26,22.8,13.8,8.30
2022-10-27,23.9,16.2,32.30
2022-10-28,24.8,15.2,18.10
2022-10-29,23.5,14.2,4.80
2022-10-30,25.5,14.4,0.00
2022-10-31,24.9,16.3,0.60
2022-11-01,25.5,16.2,1.00
2022-11-02,26.9,15.1,1.20
2022-11-03,26.1,15.5,8.80
2022-11-04,24.3,14.9,13.30
2022-11-05,23.8,14.3,3.90
2022-11-06,24.0,14.1,1.50
2022-11-07,24.7,13.9,6.90
2022-11-08,25.1,13.8,9.60
2022-11-09,22.9,15.9,18.40
2022-11-10,24.8,14.1,11.70
2022-11-11,24.3,14.5,4.30
2022-11-12,24.6,15.3,16.10
2022-11-13,24.8,15.7,9.90
2022-11-14,24.9,15.0,1.40
2022-11-15,25.0,15.5,2.70
2022-11-16,25.5,15.9,0.30
2022-11-17,25.4,15.9,11.60
2022-11-18,23.3,15.1,4.60
2022-11-19,27.4,15.8,1.20
2022-11-20,25.7,14.8,11.00
2022-11-21,24.6,15.6,8.80
2022-11-22,24.5,14.7,14.00
2022-11-23,23.9,13.4,12.70
2022-11-24,24.0,14.5,16.00
2022-11-25,25.2,14.3,3.60
2022-11-26,24.8,14.4,7.70
2022-11-27,24.6,15.9,9.70
2022-11-28,23.0,15.5,4.10
2022-11-29,23.2,14.4,14.20
2022-11-30,24.3,14.0,1.00
2022-12-01,24.9,12.9,0.00
2022-12-02,24.4,13.4,0.00
2022-12-03,25.6,12.9,0.00
2022-12-04,23.3,14.1,6.30
2022-12-05,23.1,13.4,4.30
2022-12-06,22.9,13.9,1.00
2022-12-07,23.4,13.5,4.80
2022-12-08,23.3,15.9,5.30
2022-12-09,24.8,14.7,2.30
2022-12-10,25.0,16.6,0.90
2022-12-11,24.4,14.2,4.90
2022-12-12,24.3,13.4,6.60
2022-12-13,25.1,14.6,1.20
2022-12-14,25.4,15.4,0.10
2022-12-15,25.6,15.7,0.00
2022-12-16,26.0,15.4,0.10
2022-12-17,24.9,14.8,5.30
2022-12-18,23.9,13.3,1.30
2022-12-19,25.2,13.7,0.10
2022-12-20,26.6,15.6,0.20
2022-12-21,25.1,15.3,5.00
2022-12-22,26.2,15.5,0.00
2022-12-23,25.9,15.1,0.90
2022-12-24,23.7,15.7,2.20
2022-12-25,25.2,15.6,0.70
2022-12-26,26.0,16.1,1.30
2022-12-27,23.7,14.9,10.30
2022-12-28,24.4,15.2,0.70
2022-12-29,24.5,14.2,1.00
2022-12-30,25.7,14.1,0.20
2022-12-31,24.7,13.9,2.90
2023-01-01,24.3,13.0,4.10
2023-01-02,25.4,11.8,1.30
2023-01-03,23.5,14.2,4.40
2023-01-04,25.1,13.5,0.20
2023-01-05,24.5,14.9,9.50
2023-01-06,24.3,14.9,17.70
2023-01-07,23.8,14.5,3.70
2023-01-08,23.8,15.3,8.30
2023-01-09,24.1,13.7,7.60
2023-01-10,21.7,14.8,10.50
2023-01-11,25.2,15.2,7.80
2023-01-12,24.7,14.8,2.90
2023-01-13,25.7,14.8,7.90
2023-01-14,24.1,14.6,4.70
2023-01-15,24.4,14.2,0.00
2023-01-16,25.2,14.3,1.00
2023-01-17,24.0,13.8,9.60
2023-01-18,24.2,13.0,1.10
2023-01-19,25.1,13.6,0.00
2023-01-20,24.5,12.4,0.60
2023-01-21,24.1,14.3,1.30
2023-01-22,24.3,14.0,0.60
2023-01-23,25.1,13.6,0.70
2023-01-24,25.6,14.2,0.20
2023-01-25,26.2,12.9,0.00
2023-01-26,26.5,14.2,0.10
2023-01-27,26.5,15.3,0.00
2023-01-28,26.1,15.2,0.00
2023-01-29,26.7,15.6,0.40
2023-01-30,25.7,15.8,0.30
2023-01-31,25.8,14.8,0.00
2023-02-01,26.6,13.5,0.00
2023-02-02,26.6,15.2,0.00
2023-02-03,27.5,15.2,2.70
2023-02-04,25.5,16.0,1.30
2023-02-05,27.0,15.1,0.10
2023-02-06,26.5,15.3,0.00
2023-02-07,26.8,14.5,0.20
2023-02-08,27.7,12.8,0.10
2023-02-09,25.0,14.4,3.50
2023-02-10,27.4,16.0,0.10
2023-02-11,26.4,15.4,0.60
2023-02-12,25.3,15.7,0.60
2023-02-13,25.5,15.3,1.40
2023-02-14,26.4,16.4,1.80
2023-02-15,26.9,16.4,2.10
2023-02-16,25.3,15.5,8.60
2023-02-17,25.0,15.8,7.20
2023-02-18,26.3,14.7,0.00
2023-02-19,25.2,14.2,3.60
2023-02-20,25.4,15.8,5.20
2023-02-21,23.1,13.0,11.00
2023-02-22,22.0,14.6,1.50
2023-02-23,27.1,13.9,0.40
2023-02-24,27.3,15.6,0.40
2023-02-25,26.2,15.8,1.00
2023-02-26,25.8,15.0,1.30
2023-02-27,26.7,16.3,1.40
2023-02-28,28.1,15.8,0.60
2023-03-01,27.0,16.5,0.50
2023-03-02,27.4,16.4,1.00
2023-03-03,27.1,16.3,0.90
2023-03-04,26.3,16.5,3.20
2023-03-05,26.8,16.4,1.90
2023-03-06,27.6,14.6,10.40
2023-03-07,25.0,16.2,8.70
2023-03-08,23.4,14.9,21.70
2023-03-09,21.0,15.8,11.50
2023-03-10,24.5,14.6,7.00
2023-03-11,21.8,15.4,12.60
2023-03-12,24.6,14.8,18.40
2023-03-13,24.1,16.6,20.10
2023-03-14,25.3,14.9,11.90
2023-03-15,24.4,13.7,14.50
2023-03-16,25.3,13.0,11.30
2023-03-17,24.6,13.0,15.90
2023-03-18,24.8,13.1,10.70
2023-03-19,25.4,13.4,3.50
2023-03-20,26.3,13.3,0.70
2023-03-21,26.7,14.5,0.10
2023-03-22,25.6,14.8,0.80
2023-03-23,25.4,16.1,8.20
2023-03-24,24.1,15.6,6.60
2023-03-25,23.9,13.5,2.40
2023-03-26,25.2,13.5,2.50
2023-03-27,26.5,14.7,3.00
2023-03-28,27.2,14.5,7.40
2023-03-29,26.2,14.7,10.00
2023-03-30,26.2,15.9,1.40
2023-03-31,26.9,16.4,0.60
2023-04-01,26.2,15.6,3.90
2023-04-02,25.9,16.0,1.10
2023-04-03,27.0,14.3,0.00
2023-04-04,26.4,15.7,2.70
2023-04-05,26.1,15.8,2.90
2023-04-06,25.3,16.1,3.20
2023-04-07,23.8,14.4,2.80
2023-04-08,25.6,13.5,5.30
2023-04-09,26.3,14.0,1.40
2023-04-10,25.8,16.3,2.00
2023-04-11,26.1,16.7,0.40
2023-04-12,25.9,16.1,0.80
2023-04-13,27.4,15.7,0.50
2023-04-14,25.6,17.1,18.00
2023-04-15,26.7,17.0,0.80
2023-04-16,23.9,16.6,13.60
2023-04-17,25.7,15.6,6.90
2023-04-18,24.8,15.3,9.20
2023-04-19,26.6,14.4,1.00
2023-04-20,25.3,15.4,17.50
2023-04-21,23.9,15.7,18.50
2023-04-22,23.4,15.7,1.80
2023-04-23,26.0,14.3,2.20
2023-04-24,25.2,14.8,0.60
2023-04-25,25.3,15.6,2.80
2023-04-26,25.6,14.5,7.90
2023-04-27,26.8,15.1,4.50
2023-04-28,27.1,16.0,4.20
2023-04-29,27.0,15.7,8.80
2023-04-30,26.0,15.1,4.90
2023-05-01,27.1,14.5,0.30
2023-05-02,26.8,15.3,0.00
2023-05-03,27.9,14.5,0.00
2023-05-04,27.4,15.5,0.10
2023-05-05,27.4,15.4,0.00
2023-05-06,28.3,16.4,0.00
2023-05-07,28.2,15.9,0.00
2023-05-08,28.5,17.0,0.10
2023-05-09,28.6,16.7,1.30
2023-05-10,25.2,17.5,0.60
2023-05-11,26.9,15.1,0.30
2023-05-12,28.2,16.3,0.20
2023-05-13,27.6,16.9,18.00
2023-05-14,28.0,16.1,2.60
2023-05-15,25.8,16.5,6.20
2023-05-16,26.7,15.6,14.70
2023-05-17,26.7,16.2,3.70
2023-05-18,28.4,13.6,0.80
2023-05-19,28.1,17.7,0.70
2023-05-20,26.4,17.5,12.10
2023-05-21,24.4,17.6,16.40
2023-05-22,26.3,17.0,14.80
2023-05-23,25.1,16.0,13.80
2023-05-24,25.7,15.1,14.10
2023-05-25,26.5,14.7,17.60
2023-05-26,24.6,15.0,5.90
2023-05-27,26.8,16.0,2.10
2023-05-28,27.1,15.9,13.90
2023-05-29,26.8,16.2,28.60
2023-05-30,24.6,16.4,9.30
2023-05-31,26.9,15.4,5.70
2023-06-01,24.1,16.6,7.50
2023-06-02,24.7,15.7,4.40
2023-06-03,28.1,15.5,1.20
2023-06-04,27.9,16.4,0.00
2023-06-05,25.9,15.9,0.50
2023-06-06,27.0,16.1,0.70
2023-06-07,27.1,16.2,0.40
2023-06-08,25.8,15.5,9.10
2023-06-09,27.0,16.3,4.10
2023-06-10,26.3,15.2,2.50
2023-06-11,26.9,15.1,0.40
2023-06-12,27.4,15.3,0.00
2023-06-13,27.6,15.2,0.00
2023-06-14,27.6,16.7,0.50
2023-06-15,26.9,15.6,0.30
2023-06-16,27.2,15.7,0.50
2023-06-17,25.4,15.9,1.40
2023-06-18,26.2,14.6,0.00
2023-06-19,27.4,12.0,0.00
2023-06-20,26.9,12.7,0.00
2023-06-21,27.6,13.0,0.10
2023-06-22,27.7,15.2,0.90
2023-06-23,28.1,16.1,1.70
2023-06-24,27.8,16.6,1.00
2023-06-25,24.2,16.4,13.50
2023-06-26,25.5,15.2,2.80
2023-06-27,26.9,15.7,0.00
2023-06-28,28.2,16.1,0.10
2023-06-29,28.9,16.1,0.10
2023-06-30,28.2,15.6,0.00
2023-07-01,28.4,15.1,2.00
2023-07-02,28.7,16.6,2.00
2023-07-03,27.3,16.0,9.70
2023-07-04,26.1,17.4,3.70
2023-07-05,27.6,16.9,1.60
2023-07-06,26.8,14.6,15.70
2023-07-07,25.2,15.0,2.70
2023-07-08,27.5,13.9,0.50
2023-07-09,27.2,16.2,0.00
2023-07-10,27.5,13.7,0.00
2023-07-11,27.7,14.5,0.00
2023-07-12,27.8,13.6,0.10
2023-07-13,27.9,14.0,0.00
2023-07-14,27.9,15.9,2.40
2023-07-15,28.0,16.3,2.50
2023-07-16,28.5,16.4,0.90
2023-07-17,28.7,14.7,0.50
2023-07-18,27.7,15.7,0.20
2023-07-19,28.1,13.7,0.00
2023-07-20,28.3,13.7,0.00
2023-07-21,27.9,13.7,0.00
2023-07-22,27.3,14.2,0.00
2023-07-23,28.5,12.7,0.00
2023-07-24,29.5,12.8,0.00
2023-07-25,29.8,14.7,0.30
2023-07-26,28.9,15.4,7.70
2023-07-27,28.3,16.3,4.80
2023-07-28,29.0,16.5,0.20
2023-07-29,28.4,14.3,0.40
2023-07-30,28.6,15.0,0.10
2023-07-31,28.6,14.6,0.00
2023-08-01,28.0,13.1,0.10
2023-08-02,28.3,12.3,0.00
2023-08-03,28.7,14.3,0.00
2023-08-04,29.3,13.7,0.00
2023-08-05,30.4,14.2,0.20
2023-08-06,30.6,14.0,0.30
2023-08-07,30.3,14.5,2.20
2023-08-08,29.4,14.9,0.00
2023-08-09,29.4,13.3,0.00
2023-08-10,29.8,17.3,0.10
2023-08-11,30.5,15.9,2.60
2023-08-12,29.7,16.1,0.20
2023-08-13,29.1,15.7,0.10
2023-08-14,29.5,15.9,0.20
2023-08-15,28.8,16.1,1.10
2023-08-16,28.1,14.3,4.60
2023-08-17,29.2,16.0,0.00
2023-08-18,28.4,16.6,8.20
2023-08-19,27.4,16.7,12.00
2023-08-20,26.3,15.7,12.00
2023-08-21,25.2,16.7,22.10
2023-08-22,25.6,17.1,21.60
2023-08-23,28.0,14.3,0.40
2023-08-24,26.8,15.9,0.80
2023-08-25,27.6,15.8,0.60
2023-08-26,28.8,14.8,0.10
2023-08-27,28.0,16.5,0.30
2023-08-28,28.8,17.0,0.10
2023-08-29,27.8,16.1,0.00
2023-08-30,29.5,16.6,0.00
2023-08-31,29.1,12.9,0.00
2023-09-01,28.7,13.7,0.10
2023-09-02,29.0,14.3,14.40
2023-09-03,27.9,15.5,8.90
2023-09-04,28.1,14.5,3.50
2023-09-05,29.1,17.1,0.00
2023-09-06,29.3,15.9,0.00
2023-09-07,28.7,14.2,0.00
2023-09-08,29.1,14.7,0.00
2023-09-09,29.0,17.4,1.40
2023-09-10,28.3,16.5,4.20
2023-09-11,29.1,17.0,0.10
2023-09-12,29.8,17.0,0.70
2023-09-13,29.0,15.5,1.10
2023-09-14,29.4,15.5,0.10
2023-09-15,27.8,15.8,0.30
2023-09-16,29.2,16.4,0.00
2023-09-17,29.6,16.4,0.00
2023-09-18,29.1,15.8,0.40
2023-09-19,28.9,15.6,0.00
2023-09-20,28.7,14.7,0.00
2023-09-21,29.8,13.6,0.00
2023-09-22,30.8,17.6,0.50
2023-09-23,29.6,15.4,7.30
2023-09-24,30.0,15.4,7.30
2023-09-25,29.2,16.2,0.30
2023-09-26,29.3,17.0,0.80
2023-09-27,27.8,17.7,2.00
2023-09-28,27.9,16.1,8.40
2023-09-29,28.9,15.1,0.50
2023-09-30,30.2,17.0,0.20
2023-10-01,30.2,16.9,0.30
2023-10-02,28.1,17.2,9.70
2023-10-03,28.7,16.6,5.30
2023-10-04,22.7,16.5,15.10
2023-10-05,25.2,14.9,13.50
2023-10-06,25.6,15.2,8.00
2023-10-07,28.7,16.9,14.90
2023-10-08,25.7,16.0,2.50
2023-10-09,27.3,16.7,8.30
2023-10-10,27.9,17.3,0.30
2023-10-11,25.2,15.8,2.30
2023-10-12,27.3,15.6,2.90
2023-10-13,27.9,13.6,3.70
2023-10-14,26.1,14.8,4.10
2023-10-15,27.7,16.8,0.10
2023-10-16,27.7,15.8,1.10
2023-10-17,25.3,15.4,7.90
2023-10-18,28.6,14.7,0.30
2023-10-19,27.9,16.2,9.90
2023-10-20,24.6,17.3,12.80
2023-10-21,24.3,15.7,4.90
2023-10-22,25.5,16.0,6.30
2023-10-23,28.6,15.6,2.60
2023-10-24,26.5,15.3,11.00
2023-10-25,25.6,15.0,20.60
2023-10-26,25.5,14.7,12.30
2023-10-27,23.2,16.1,3.30
2023-10-28,22.9,15.9,4.50
2023-10-29,24.6,13.5,0.00
2023-10-30,24.5,15.1,22.60
2023-10-31,25.5,16.5,17.30
2023-11-01,24.5,14.6,19.50
2023-11-02,25.1,15.8,8.40
2023-11-03,25.7,16.4,30.60
2023-11-04,25.6,14.5,1.50
2023-11-05,26.4,14.8,5.90
2023-11-06,26.1,15.8,14.40
2023-11-07,27.0,14.6,0.50
2023-11-08,28.0,16.4,10.50
2023-11-09,28.0,15.7,2.20
2023-11-10,28.4,16.1,0.50
2023-11-11,28.3,15.6,0.90
2023-11-12,27.2,17.4,6.30
2023-11-13,28.0,15.5,1.70
2023-11-14,27.5,16.3,2.50
2023-11-15,24.7,16.7,10.50
2023-11-16,28.1,15.5,8.90
2023-11-17,27.5,15.7,11.30
2023-11-18,24.3,16.2,9.00
2023-11-19,24.0,15.3,8.10
2023-11-20,26.3,15.5,21.10
2023-11-21,26.2,16.4,6.30
2023-11-22,24.6,15.8,2.50
2023-11-23,26.5,15.9,0.30
2023-11-24,26.2,16.0,6.70
2023-11-25,26.3,15.1,5.80
2023-11-26,26.3,15.7,0.00
2023-11-27,27.2,15.1,0.00
2023-11-28,27.6,16.0,0.00
2023-11-29,26.5,15.4,0.00
2023-11-30,25.5,16.5,0.60
2023-12-01,27.2,15.7,0.00
2023-12-02,27.3,16.2,0.00
2023-12-03,27.5,17.0,0.00
2023-12-04,27.2,17.5,0.10
2023-12-05,27.7,15.5,0.10
2023-12-06,27.0,17.2,0.00
2023-12-07,25.9,14.9,0.90
2023-12-08,27.2,17.1,0.20
2023-12-09,28.1,16.7,0.30
2023-12-10,27.5,16.5,0.30
2023-12-11,28.3,14.4,0.10
2023-12-12,28.0,16.5,0.00
2023-12-13,28.2,17.7,0.10
2023-12-14,26.0,16.6,2.00
2023-12-15,23.8,16.9,8.30
2023-12-16,27.0,15.8,13.10
2023-12-17,25.3,16.8,4.90
2023-12-18,26.1,17.9,1.10
2023-12-19,26.7,17.0,4.20
2023-12-20,27.0,16.7,0.60
2023-12-21,26.7,16.7,1.30
2023-12-22,27.6,16.9,0.30
2023-12-23,24.9,17.1,9.90
2023-12-24,27.4,17.1,0.50
2023-12-25,28.2,16.4,10.10
2023-12-26,26.1,16.4,4.70
2023-12-27,25.7,15.9,3.90
2023-12-28,25.8,15.9,3.70
2023-12-29,25.7,15.7,1.70
2023-12-30,25.6,15.5,11.10
2023-12-31,26.3,13.8,0.00
